date,timestamp,open,high,low,close,duplicate_date,invalid_numeric,invalid_ohlc,outside_request
2017-08-24,1503532800,743.23,749.82,742.34,747.72,False,False,False,False
2017-08-25,1503619200,746.87,751.14,746.87,751.14,False,False,False,False
2017-08-28,1503878400,751.59,758.02,749.2,758.02,False,False,False,False
2017-08-29,1503964800,757.84,758.76,754.59,754.59,False,False,False,False
2017-08-30,1504051200,756.49,764.57,755.32,764.57,False,False,False,False
2017-08-31,1504137600,765.47,772.91,764.22,770.08,False,False,False,False
2017-09-01,1504224000,770.97,774.76,770.39,774.06,False,False,False,False
2017-09-05,1504569600,775.28,778.71,771.68,777.02,False,False,False,False
2017-09-06,1504656000,776.87,777.99,772.63,776.97,False,False,False,False
2017-09-07,1504742400,777.16,780.54,776.0,779.2,False,False,False,False
2017-09-08,1504828800,780.62,786.85,780.18,784.74,False,False,False,False
2017-09-11,1505088000,785.06,789.53,779.58,779.58,False,False,False,False
2017-09-12,1505174400,777.55,783.58,775.81,782.54,False,False,False,False
2017-09-13,1505260800,785.46,786.96,783.56,786.43,False,False,False,False
2017-09-14,1505347200,786.82,793.16,786.82,789.41,False,False,False,False
2017-09-15,1505433600,786.22,789.88,784.49,789.49,False,False,False,False
2017-09-18,1505692800,792.16,795.32,789.83,793.7,False,False,False,False
2017-09-19,1505779200,794.15,797.54,792.68,792.68,False,False,False,False
2017-09-20,1505865600,793.93,793.98,789.43,790.48,False,False,False,False
2017-09-21,1505952000,790.46,791.0,786.0,786.41,False,False,False,False
2017-09-22,1506038400,786.51,791.65,785.99,789.7,False,False,False,False
2017-09-25,1506297600,789.81,791.16,785.69,789.89,False,False,False,False
2017-09-26,1506384000,791.03,791.05,785.24,791.05,False,False,False,False
2017-09-27,1506470400,788.02,791.43,787.61,788.31,False,False,False,False
2017-09-28,1506556800,788.15,795.95,788.15,790.75,False,False,False,False
2017-09-29,1506643200,791.4,797.26,791.4,792.72,False,False,False,False
2017-10-02,1506902400,793.64,796.03,790.37,790.7,False,False,False,False
2017-10-03,1506988800,791.71,793.19,785.1,787.02,False,False,False,False
2017-10-04,1507075200,786.17,795.76,786.12,795.76,False,False,False,False
2017-10-05,1507161600,797.41,801.36,796.71,797.42,False,False,False,False
2017-10-06,1507248000,797.82,800.73,796.23,800.42,False,False,False,False
2017-10-09,1507507200,802.89,803.23,798.96,801.49,False,False,False,False
2017-10-10,1507593600,800.23,805.3,798.63,805.3,False,False,False,False
2017-10-11,1507680000,804.84,810.12,804.48,806.83,False,False,False,False
2017-10-12,1507766400,807.63,813.21,806.65,809.6,False,False,False,False
2017-10-13,1507852800,807.9,815.47,807.45,815.47,False,False,False,False
2017-10-16,1508112000,815.27,817.72,811.39,811.85,False,False,False,False
2017-10-17,1508198400,811.73,818.48,811.24,818.48,False,False,False,False
2017-10-18,1508284800,819.36,821.29,815.06,816.84,False,False,False,False
2017-10-19,1508371200,817.62,821.08,815.29,817.39,False,False,False,False
2017-10-20,1508457600,816.99,821.54,813.38,813.99,False,False,False,False
2017-10-23,1508716800,811.49,813.23,806.58,809.36,False,False,False,False
2017-10-24,1508803200,807.6,815.24,804.43,815.24,False,False,False,False
2017-10-25,1508889600,816.05,821.61,812.98,821.45,False,False,False,False
2017-10-26,1508976000,820.01,825.9,815.16,822.53,False,False,False,False
2017-10-27,1509062400,823.16,834.91,820.16,834.91,False,False,False,False
2017-10-30,1509321600,835.33,841.32,835.33,837.52,False,False,False,False
2017-10-31,1509408000,836.65,839.79,829.72,831.62,False,False,False,False
2017-11-01,1509494400,832.1,835.44,831.63,835.38,False,False,False,False
2017-11-02,1509580800,835.36,843.34,826.71,827.66,False,False,False,False
2017-11-03,1509667200,828.44,840.04,826.59,840.04,False,False,False,False
2017-11-06,1509926400,842.91,845.67,839.88,844.73,False,False,False,False
2017-11-07,1510012800,846.17,850.69,842.67,846.03,False,False,False,False
2017-11-08,1510099200,849.56,856.47,848.23,853.57,False,False,False,False
2017-11-09,1510185600,857.26,858.93,852.06,853.05,False,False,False,False
2017-11-10,1510272000,850.25,861.36,850.1,858.55,False,False,False,False
2017-11-13,1510531200,861.0,868.58,861.0,868.11,False,False,False,False
2017-11-14,1510617600,868.59,873.74,861.96,871.08,False,False,False,False
2017-11-15,1510704000,870.85,880.72,868.75,877.58,False,False,False,False
2017-11-16,1510790400,875.2,890.01,875.2,890.01,False,False,False,False
2017-11-17,1510876800,890.49,897.39,882.81,887.41,False,False,False,False
2017-11-20,1511136000,886.49,899.31,883.7,899.31,False,False,False,False
2017-11-21,1511222400,902.76,923.57,902.76,910.54,False,False,False,False
2017-11-22,1511308800,912.46,922.18,909.95,922.18,False,False,False,False
2017-11-23,1511395200,926.83,933.45,916.61,922.92,False,False,False,False
2017-11-24,1511481600,920.32,928.41,914.95,926.21,False,False,False,False
2017-11-27,1511740800,923.8,939.36,923.0,930.9,False,False,False,False
2017-11-28,1511827200,931.21,935.97,926.12,935.74,False,False,False,False
2017-11-29,1511913600,938.18,946.55,934.64,946.55,False,False,False,False
2017-11-30,1512000000,951.06,955.17,943.05,943.05,False,False,False,False
2017-12-01,1512086400,943.08,953.22,943.08,952.46,False,False,False,False
2017-12-04,1512345600,954.31,968.53,954.31,966.44,False,False,False,False
2017-12-05,1512432000,968.58,970.35,944.07,944.07,False,False,False,False
2017-12-06,1512518400,940.82,941.32,919.99,939.06,False,False,False,False
2017-12-07,1512604800,942.07,945.52,923.23,928.74,False,False,False,False
2017-12-08,1512691200,928.32,935.51,920.97,930.25,False,False,False,False
2017-12-11,1512950400,928.39,928.39,908.29,908.29,False,False,False,False
2017-12-12,1513036800,919.04,922.24,883.52,914.82,False,False,False,False
2017-12-13,1513123200,919.58,920.38,911.01,913.33,False,False,False,False
2017-12-14,1513209600,913.3,928.21,913.3,928.21,False,False,False,False
2017-12-15,1513296000,925.65,933.09,925.2,926.7,False,False,False,False
2017-12-18,1513555200,937.81,950.81,937.64,950.81,False,False,False,False
2017-12-19,1513641600,955.99,959.33,947.24,947.62,False,False,False,False
2017-12-20,1513728000,947.51,954.96,942.07,948.78,False,False,False,False
2017-12-21,1513814400,944.9,953.26,936.53,936.53,False,False,False,False
2017-12-22,1513900800,939.48,946.01,937.75,945.88,False,False,False,False
2017-12-25,1514160000,947.06,950.64,944.77,949.28,False,False,False,False
2017-12-26,1514246400,951.27,955.81,948.68,955.73,False,False,False,False
2017-12-27,1514332800,957.76,962.33,955.14,958.02,False,False,False,False
2017-12-28,1514419200,960.38,968.4,957.19,966.91,False,False,False,False
2017-12-29,1514505600,968.28,980.47,967.2,975.52,False,False,False,False
2018-01-02,1514851200,977.2,992.72,975.49,992.72,False,False,False,False
2018-01-03,1514937600,996.23,1011.84,995.74,1004.66,False,False,False,False
2018-01-04,1515024000,1007.6,1014.17,1006.96,1014.15,False,False,False,False
2018-01-05,1515110400,1014.42,1014.42,1005.1,1007.73,False,False,False,False
2018-01-08,1515369600,1006.25,1023.5,1000.29,1023.5,False,False,False,False
2018-01-09,1515456000,1028.05,1040.58,1019.52,1039.64,False,False,False,False
2018-01-10,1515542400,1040.61,1047.59,1033.54,1039.7,False,False,False,False
2018-01-11,1515628800,1036.02,1050.23,1031.43,1047.2,False,False,False,False
2018-01-12,1515715200,1050.08,1058.2,1044.85,1049.86,False,False,False,False
2018-01-15,1515974400,1050.35,1063.11,1042.64,1063.11,False,False,False,False
2018-01-16,1516060800,1056.95,1063.46,1047.9,1061.78,False,False,False,False
2018-01-17,1516147200,1060.36,1061.49,1030.0,1030.0,False,False,False,False
2018-01-18,1516233600,1028.39,1048.56,1013.11,1048.56,False,False,False,False
2018-01-19,1516320000,1050.01,1062.13,1046.92,1053.47,False,False,False,False
2018-01-22,1516579200,1059.2,1084.09,1059.19,1082.71,False,False,False,False
2018-01-25,1516838400,1093.49,1109.98,1088.69,1095.52,False,False,False,False
2018-01-26,1516924800,1096.09,1112.59,1088.0,1104.42,False,False,False,False
2018-01-29,1517184000,1108.98,1118.08,1095.75,1096.78,False,False,False,False
2018-01-30,1517270400,1087.57,1099.16,1078.98,1099.16,False,False,False,False
2018-01-31,1517356800,1097.38,1113.37,1094.77,1095.9,False,False,False,False
2018-02-01,1517443200,1098.3,1098.3,1076.09,1086.9,False,False,False,False
2018-02-02,1517529600,1087.24,1090.4,1075.65,1090.4,False,False,False,False
2018-02-05,1517788800,1081.7,1081.7,1035.02,1035.02,False,False,False,False
2018-02-06,1517875200,1013.7,1015.56,969.01,1007.72,False,False,False,False
2018-02-07,1517961600,1034.76,1040.23,1025.3,1030.91,False,False,False,False
2018-02-08,1518048000,1024.13,1031.98,1013.56,1013.56,False,False,False,False
2018-02-09,1518134400,983.6,996.77,966.78,996.77,False,False,False,False
2018-02-12,1518393600,1001.7,1034.76,1001.7,1034.76,False,False,False,False
2018-02-13,1518480000,1043.44,1055.86,1043.44,1054.09,False,False,False,False
2018-02-21,1519171200,1064.55,1081.82,1063.73,1075.47,False,False,False,False
2018-02-22,1519257600,1068.84,1078.48,1063.46,1064.28,False,False,False,False
2018-02-23,1519344000,1073.56,1089.96,1068.75,1089.96,False,False,False,False
2018-02-26,1519603200,1101.66,1113.01,1099.71,1099.71,False,False,False,False
2018-02-27,1519689600,1108.87,1110.11,1094.17,1106.09,False,False,False,False
2018-02-28,1519776000,1096.3,1113.59,1095.98,1108.23,False,False,False,False
2018-03-01,1519862400,1106.03,1116.79,1098.51,1105.84,False,False,False,False
2018-03-02,1519948800,1095.31,1109.51,1092.18,1106.92,False,False,False,False
2018-03-05,1520208000,1113.71,1116.8,1080.83,1080.83,False,False,False,False
2018-03-06,1520294400,1091.98,1103.31,1075.78,1103.31,False,False,False,False
2018-03-07,1520380800,1102.85,1106.89,1084.53,1092.17,False,False,False,False
2018-03-08,1520467200,1092.29,1109.29,1091.7,1105.03,False,False,False,False
2018-03-09,1520553600,1107.83,1117.9,1102.07,1106.54,False,False,False,False
2018-03-12,1520812800,1108.7,1116.38,1104.85,1106.97,False,False,False,False
2018-03-13,1520899200,1106.88,1112.98,1098.58,1111.38,False,False,False,False
2018-03-14,1520985600,1111.58,1121.74,1111.58,1115.0,False,False,False,False
2018-03-15,1521072000,1114.89,1114.9,1105.26,1110.26,False,False,False,False
2018-03-16,1521158400,1112.28,1118.36,1109.85,1112.93,False,False,False,False
2018-03-19,1521417600,1117.13,1134.75,1117.13,1130.26,False,False,False,False
2018-03-20,1521504000,1130.09,1139.23,1126.0,1134.19,False,False,False,False
2018-03-21,1521590400,1134.79,1148.64,1134.79,1147.26,False,False,False,False
2018-03-22,1521676800,1147.9,1159.37,1144.44,1144.58,False,False,False,False
2018-03-23,1521763200,1144.18,1144.18,1113.7,1128.93,False,False,False,False
2018-03-26,1522022400,1129.05,1151.32,1123.9,1146.73,False,False,False,False
2018-03-27,1522108800,1146.86,1162.35,1146.86,1150.3,False,False,False,False
2018-03-28,1522195200,1150.33,1158.75,1144.71,1151.09,False,False,False,False
2018-03-29,1522281600,1151.65,1155.65,1141.65,1144.74,False,False,False,False
2018-03-30,1522368000,1144.9,1154.59,1136.2,1153.08,False,False,False,False
2018-04-02,1522627200,1153.11,1174.13,1153.11,1171.21,False,False,False,False
2018-04-03,1522713600,1171.89,1173.18,1156.91,1160.97,False,False,False,False
2018-04-04,1522800000,1161.24,1176.22,1161.24,1165.75,False,False,False,False
2018-04-05,1522886400,1164.87,1175.64,1163.76,1169.12,False,False,False,False
2018-04-06,1522972800,1170.42,1180.6,1170.11,1174.37,False,False,False,False
2018-04-09,1523232000,1174.02,1181.58,1169.56,1177.68,False,False,False,False
2018-04-10,1523318400,1177.85,1185.06,1161.71,1168.06,False,False,False,False
2018-04-11,1523404800,1168.41,1172.44,1137.2,1137.2,False,False,False,False
2018-04-12,1523491200,1136.76,1143.5,1121.47,1143.5,False,False,False,False
2018-04-13,1523577600,1146.67,1153.95,1131.61,1134.21,False,False,False,False
2018-04-16,1523836800,1133.0,1136.8,1122.26,1128.03,False,False,False,False
2018-04-17,1523923200,1128.11,1136.17,1119.7,1130.32,False,False,False,False
2018-04-18,1524009600,1131.56,1136.98,1115.18,1115.7,False,False,False,False
2018-04-19,1524096000,1114.98,1115.0,1066.09,1066.09,False,False,False,False
2018-04-20,1524182400,1066.33,1089.62,1047.71,1089.45,False,False,False,False
2018-04-23,1524441600,1091.18,1098.58,1055.37,1055.37,False,False,False,False
2018-04-24,1524528000,1055.24,1060.92,1027.74,1053.99,False,False,False,False
2018-04-26,1524700800,1055.95,1057.2,1011.51,1018.97,False,False,False,False
2018-04-27,1524787200,1018.06,1029.36,1007.39,1027.97,False,False,False,False
2018-05-02,1525219200,1029.76,1033.2,1009.98,1012.84,False,False,False,False
2018-05-03,1525305600,1011.83,1012.12,989.0,1010.35,False,False,False,False
2018-05-04,1525392000,1012.44,1023.16,1006.99,1010.89,False,False,False,False
2018-05-07,1525651200,1010.99,1048.03,1010.99,1048.03,False,False,False,False
2018-05-08,1525737600,1048.53,1059.68,1042.59,1047.83,False,False,False,False
2018-05-09,1525824000,1047.43,1058.09,1037.1,1046.39,False,False,False,False
2018-05-10,1525910400,1046.9,1047.5,1009.79,1019.69,False,False,False,False
2018-05-11,1525996800,1019.33,1031.77,1003.47,1030.79,False,False,False,False
2018-05-14,1526256000,1031.18,1051.45,1029.92,1051.45,False,False,False,False
2018-05-15,1526342400,1055.82,1067.61,1052.16,1055.49,False,False,False,False
2018-05-16,1526428800,1055.31,1055.31,1031.33,1034.3,False,False,False,False
2018-05-17,1526515200,1034.2,1035.45,1007.09,1007.09,False,False,False,False
2018-05-18,1526601600,1007.05,1023.23,989.2,1022.21,False,False,False,False
2018-05-21,1526860800,1023.28,1027.85,997.21,997.21,False,False,False,False
2018-05-22,1526947200,996.19,996.19,947.7,958.95,False,False,False,False
2018-05-23,1527033600,957.72,973.07,945.01,968.54,False,False,False,False
2018-05-24,1527120000,968.93,974.17,951.17,960.55,False,False,False,False
2018-05-25,1527206400,958.74,960.57,936.32,936.32,False,False,False,False
2018-05-28,1527465600,932.0,932.0,894.31,898.0,False,False,False,False
2018-05-29,1527552000,897.13,932.82,881.91,924.9,False,False,False,False
2018-05-30,1527638400,924.47,925.18,902.0,918.64,False,False,False,False
2018-05-31,1527724800,917.94,950.49,914.57,947.31,False,False,False,False
2018-06-01,1527811200,949.13,970.81,948.69,969.15,False,False,False,False
2018-06-04,1528070400,970.81,997.0,970.81,996.67,False,False,False,False
2018-06-05,1528156800,996.55,1008.83,996.15,1007.32,False,False,False,False
2018-06-06,1528243200,1007.51,1023.38,995.29,1022.72,False,False,False,False
2018-06-07,1528329600,1023.95,1034.72,1020.77,1026.75,False,False,False,False
2018-06-08,1528416000,1026.76,1028.42,1017.9,1025.87,False,False,False,False
2018-06-11,1528675200,1025.71,1034.85,1016.22,1024.85,False,False,False,False
2018-06-12,1528761600,1021.02,1021.02,989.53,1008.76,False,False,False,False
2018-06-13,1528848000,1008.32,1019.32,1005.58,1018.59,False,False,False,False
2018-06-14,1528934400,1018.07,1022.95,1004.31,1004.31,False,False,False,False
2018-06-15,1529020800,1004.14,1005.71,994.38,1005.04,False,False,False,False
2018-06-18,1529280000,1004.97,1006.58,970.35,970.35,False,False,False,False
2018-06-19,1529366400,970.06,970.06,919.09,945.11,False,False,False,False
2018-06-20,1529452800,945.3,966.86,936.83,966.86,False,False,False,False
2018-06-21,1529539200,966.91,966.91,950.06,955.75,False,False,False,False
2018-06-22,1529625600,954.7,974.42,945.59,973.05,False,False,False,False
2018-06-25,1529884800,973.45,989.18,973.45,982.09,False,False,False,False
2018-06-26,1529971200,981.97,981.97,959.29,973.9,False,False,False,False
2018-06-27,1530057600,973.89,976.93,961.29,961.29,False,False,False,False
2018-06-28,1530144000,962.93,967.28,943.12,947.03,False,False,False,False
2018-06-29,1530230400,945.26,951.74,939.7,947.55,False,False,False,False
2018-07-02,1530489600,945.94,945.94,917.8,930.12,False,False,False,False
2018-07-03,1530576000,931.12,931.12,891.97,891.97,False,False,False,False
2018-07-04,1530662400,892.01,901.64,880.37,900.89,False,False,False,False
2018-07-05,1530748800,901.25,905.51,875.17,883.77,False,False,False,False
2018-07-06,1530835200,880.17,910.14,870.34,905.62,False,False,False,False
2018-07-09,1531094400,905.97,916.84,896.79,898.73,False,False,False,False
2018-07-10,1531180800,898.09,906.25,897.96,897.96,False,False,False,False
2018-07-11,1531267200,894.16,894.16,871.22,881.14,False,False,False,False
2018-07-12,1531353600,877.68,893.15,870.53,883.87,False,False,False,False
2018-07-13,1531440000,886.17,902.14,886.17,899.45,False,False,False,False
2018-07-16,1531699200,901.68,910.82,897.03,904.18,False,False,False,False
2018-07-17,1531785600,903.87,915.53,892.39,915.53,False,False,False,False
2018-07-18,1531872000,915.69,935.42,915.23,935.42,False,False,False,False
2018-07-19,1531958400,935.54,946.39,934.2,941.09,False,False,False,False
2018-07-20,1532044800,939.27,941.41,926.5,926.5,False,False,False,False
2018-07-23,1532304000,927.01,945.13,926.56,931.31,False,False,False,False
2018-07-24,1532390400,931.2,932.83,916.19,923.53,False,False,False,False
2018-07-25,1532476800,923.55,931.55,915.68,915.68,False,False,False,False
2018-07-26,1532563200,915.7,921.33,907.6,921.33,False,False,False,False
2018-07-27,1532649600,923.02,930.57,918.37,927.19,False,False,False,False
2018-07-30,1532908800,927.36,940.25,927.36,939.6,False,False,False,False
2018-07-31,1532995200,938.73,948.38,934.39,944.38,False,False,False,False
2018-08-01,1533081600,944.31,947.08,935.63,939.31,False,False,False,False
2018-08-02,1533168000,939.85,939.85,924.38,937.86,False,False,False,False
2018-08-03,1533254400,938.51,949.93,938.51,941.12,False,False,False,False
2018-08-06,1533513600,941.13,943.98,935.75,939.84,False,False,False,False
2018-08-07,1533600000,939.81,941.63,933.77,936.92,False,False,False,False
2018-08-08,1533686400,937.69,946.07,937.58,945.89,False,False,False,False
2018-08-09,1533772800,945.78,954.38,942.83,943.91,False,False,False,False
2018-08-10,1533859200,942.85,948.69,936.44,948.32,False,False,False,False
2018-08-13,1534118400,946.75,960.02,941.95,960.02,False,False,False,False
2018-08-14,1534204800,960.29,968.62,959.23,965.6,False,False,False,False
2018-08-15,1534291200,965.61,969.8,947.78,947.82,False,False,False,False
2018-08-16,1534377600,946.91,950.18,932.27,950.18,False,False,False,False
2018-08-17,1534464000,951.68,959.39,949.23,949.23,False,False,False,False
2018-08-20,1534723200,949.3,952.16,942.33,945.65,False,False,False,False
2018-08-21,1534809600,946.55,955.27,944.88,955.27,False,False,False,False
2018-08-22,1534896000,956.0,963.17,956.0,959.63,False,False,False,False
2018-08-23,1534982400,960.09,963.91,957.98,960.94,False,False,False,False
2018-08-24,1535068800,960.22,963.09,955.16,960.42,False,False,False,False
2018-08-27,1535328000,960.43,969.97,960.43,966.55,False,False,False,False
2018-08-28,1535414400,966.34,972.4,966.34,971.01,False,False,False,False
2018-08-29,1535500800,971.12,972.32,964.0,964.99,False,False,False,False
2018-08-30,1535587200,965.56,975.43,960.86,975.43,False,False,False,False
2018-08-31,1535673600,975.48,979.11,969.23,969.23,False,False,False,False
2018-09-04,1536019200,969.15,971.3,951.14,951.14,False,False,False,False
2018-09-05,1536105600,951.09,953.37,938.53,941.0,False,False,False,False
2018-09-06,1536192000,941.21,944.73,931.99,932.12,False,False,False,False
2018-09-07,1536278400,932.1,945.59,931.19,945.59,False,False,False,False
2018-09-10,1536537600,945.04,948.31,942.68,943.31,False,False,False,False
2018-09-11,1536624000,943.67,959.09,940.78,958.91,False,False,False,False
2018-09-12,1536710400,959.2,967.78,958.67,958.67,False,False,False,False
2018-09-13,1536796800,958.63,963.72,955.64,957.17,False,False,False,False
2018-09-14,1536883200,958.01,965.23,958.01,960.33,False,False,False,False
2018-09-17,1537142400,958.78,960.94,951.38,953.79,False,False,False,False
2018-09-18,1537228800,953.45,959.75,945.93,959.75,False,False,False,False
2018-09-19,1537315200,960.01,969.34,960.01,962.7,False,False,False,False
2018-09-20,1537401600,962.82,971.48,962.26,971.18,False,False,False,False
2018-09-21,1537488000,971.12,978.77,968.73,974.43,False,False,False,False
2018-09-24,1537747200,974.47,986.3,974.47,985.59,False,False,False,False
2018-09-25,1537833600,985.57,988.23,980.44,985.11,False,False,False,False
2018-09-26,1537920000,985.26,989.54,980.8,984.39,False,False,False,False
2018-09-27,1538006400,985.28,992.1,984.15,989.45,False,False,False,False
2018-09-28,1538092800,989.98,996.6,989.98,994.73,False,False,False,False
2018-10-01,1538352000,994.76,1001.14,990.0,990.41,False,False,False,False
2018-10-02,1538438400,990.26,992.77,984.54,987.88,False,False,False,False
2018-10-03,1538524800,987.46,992.87,986.16,990.6,False,False,False,False
2018-10-04,1538611200,990.49,993.78,989.06,993.61,False,False,False,False
2018-10-05,1538697600,993.42,993.42,980.75,980.75,False,False,False,False
2018-10-08,1538956800,979.27,979.27,968.61,970.28,False,False,False,False
2018-10-09,1539043200,970.21,974.29,966.68,967.37,False,False,False,False
2018-10-10,1539129600,967.58,970.51,961.7,966.27,False,False,False,False
2018-10-11,1539216000,959.12,959.12,911.69,920.02,False,False,False,False
2018-10-12,1539302400,918.83,943.73,908.74,943.49,False,False,False,False
2018-10-15,1539561600,943.51,943.62,927.6,928.55,False,False,False,False
2018-10-16,1539648000,928.46,939.41,926.96,939.41,False,False,False,False
2018-10-17,1539734400,940.29,949.41,940.29,945.91,False,False,False,False
2018-10-18,1539820800,945.92,945.92,936.22,937.54,False,False,False,False
2018-10-19,1539907200,937.47,937.47,920.28,931.69,False,False,False,False
2018-10-22,1540166400,931.66,938.02,922.75,922.75,False,False,False,False
2018-10-23,1540252800,919.26,919.49,893.34,908.0,False,False,False,False
2018-10-24,1540339200,905.91,909.4,896.5,896.5,False,False,False,False
2018-10-25,1540425600,896.39,896.39,860.13,888.86,False,False,False,False
2018-10-26,1540512000,890.71,897.48,881.06,881.06,False,False,False,False
2018-10-29,1540771200,878.35,881.87,870.36,874.43,False,False,False,False
2018-10-30,1540857600,872.69,881.83,868.29,874.06,False,False,False,False
2018-10-31,1540944000,878.68,901.93,878.68,901.57,False,False,False,False
2018-11-01,1541030400,900.11,901.17,885.58,887.72,False,False,False,False
2018-11-02,1541116800,889.81,905.65,889.81,903.43,False,False,False,False
2018-11-05,1541376000,903.24,904.83,894.88,904.83,False,False,False,False
2018-11-06,1541462400,905.34,909.19,899.61,899.61,False,False,False,False
2018-11-07,1541548800,900.47,903.15,892.79,899.25,False,False,False,False
2018-11-08,1541635200,901.42,909.69,899.65,900.4,False,False,False,False
2018-11-09,1541721600,900.14,900.14,885.65,885.65,False,False,False,False
2018-11-12,1541980800,883.49,889.06,875.29,888.2,False,False,False,False
2018-11-13,1542067200,884.98,884.98,873.87,873.87,False,False,False,False
2018-11-14,1542153600,874.07,880.65,868.63,871.55,False,False,False,False
2018-11-15,1542240000,871.22,874.87,859.86,864.98,False,False,False,False
2018-11-16,1542326400,865.03,874.94,863.89,869.24,False,False,False,False
2018-11-19,1542585600,869.7,888.76,869.7,888.76,False,False,False,False
2018-11-20,1542672000,886.36,893.09,883.8,893.09,False,False,False,False
2018-11-21,1542758400,888.54,897.1,880.83,897.1,False,False,False,False
2018-11-22,1542844800,897.28,900.77,896.18,898.9,False,False,False,False
2018-11-23,1542931200,898.05,899.37,889.78,890.62,False,False,False,False
2018-11-26,1543190400,889.88,896.12,886.76,895.05,False,False,False,False
2018-11-27,1543276800,895.07,903.78,893.96,895.3,False,False,False,False
2018-11-28,1543363200,894.66,901.4,894.27,901.4,False,False,False,False
2018-11-29,1543449600,901.48,910.48,897.58,897.58,False,False,False,False
2018-11-30,1543536000,897.48,898.69,890.41,894.79,False,False,False,False
2018-12-03,1543795200,896.5,921.72,896.5,921.72,False,False,False,False
2018-12-04,1543881600,921.74,929.33,920.2,927.46,False,False,False,False
2018-12-05,1543968000,927.39,928.9,915.9,925.68,False,False,False,False
2018-12-06,1544054400,925.58,928.64,916.63,922.86,False,False,False,False
2018-12-07,1544140800,923.9,933.29,923.9,929.59,False,False,False,False
2018-12-10,1544400000,928.96,928.96,921.59,922.82,False,False,False,False
2018-12-11,1544486400,922.58,925.43,915.68,922.34,False,False,False,False
2018-12-12,1544572800,922.43,927.7,922.41,927.7,False,False,False,False
2018-12-13,1544659200,928.21,935.33,927.92,928.9,False,False,False,False
2018-12-14,1544745600,928.84,928.84,918.19,918.79,False,False,False,False
2018-12-17,1545004800,914.97,914.97,901.33,901.41,False,False,False,False
2018-12-18,1545091200,901.31,901.31,881.76,890.68,False,False,False,False
2018-12-19,1545177600,890.78,891.69,877.63,882.79,False,False,False,False
2018-12-20,1545264000,880.4,883.76,876.15,877.03,False,False,False,False
2018-12-21,1545350400,877.02,877.02,866.09,873.09,False,False,False,False
2018-12-24,1545609600,873.14,879.74,872.99,873.64,False,False,False,False
2018-12-25,1545696000,873.56,873.56,850.33,865.69,False,False,False,False
2018-12-26,1545782400,865.96,867.88,860.52,861.02,False,False,False,False
2018-12-27,1545868800,861.53,872.73,861.53,865.45,False,False,False,False
2018-12-28,1545955200,866.04,868.62,854.99,854.99,False,False,False,False
2019-01-02,1546387200,855.01,864.64,852.79,855.66,False,False,False,False
2019-01-03,1546473600,855.2,856.21,834.81,838.79,False,False,False,False
2019-01-04,1546560000,836.6,842.05,821.83,840.17,False,False,False,False
2019-01-07,1546819200,843.95,858.69,843.95,851.41,False,False,False,False
2019-01-08,1546905600,851.2,852.92,841.86,845.43,False,False,False,False
2019-01-09,1546992000,845.53,856.87,845.25,855.51,False,False,False,False
2019-01-10,1547078400,855.39,859.93,852.96,857.95,False,False,False,False
2019-01-11,1547164800,857.84,862.88,857.67,860.3,False,False,False,False
2019-01-14,1547424000,860.4,860.4,854.71,859.42,False,False,False,False
2019-01-15,1547510400,859.46,865.26,856.04,865.1,False,False,False,False
2019-01-16,1547596800,865.0,868.41,861.18,864.29,False,False,False,False
2019-01-17,1547683200,864.15,864.15,853.34,853.34,False,False,False,False
2019-01-18,1547769600,854.58,859.95,853.5,854.79,False,False,False,False
2019-01-21,1548028800,855.0,865.59,855.0,864.1,False,False,False,False
2019-01-22,1548115200,864.45,865.92,859.09,859.17,False,False,False,False
2019-01-23,1548201600,859.26,864.83,856.77,861.73,False,False,False,False
2019-01-24,1548288000,861.63,866.49,861.04,865.52,False,False,False,False
2019-01-25,1548374400,865.44,869.53,865.44,867.7,False,False,False,False
2019-01-28,1548633600,867.6,871.56,865.9,868.76,False,False,False,False
2019-01-29,1548720000,868.81,872.03,863.22,872.03,False,False,False,False
2019-01-30,1548806400,872.01,872.01,867.92,869.16,False,False,False,False
2019-01-31,1548892800,869.38,874.09,863.85,866.06,False,False,False,False
2019-02-01,1548979200,866.01,868.15,859.38,859.81,False,False,False,False
2019-02-11,1549843200,862.2,878.67,862.2,878.67,False,False,False,False
2019-02-12,1549929600,878.69,890.16,878.68,888.33,False,False,False,False
2019-02-13,1550016000,887.6,897.42,887.6,897.42,False,False,False,False
2019-02-14,1550102400,897.88,904.11,897.3,900.12,False,False,False,False
2019-02-15,1550188800,900.14,903.11,895.13,897.74,False,False,False,False
2019-02-18,1550448000,899.75,904.93,899.74,904.93,False,False,False,False
2019-02-19,1550534400,905.09,915.31,905.09,907.82,False,False,False,False
2019-02-20,1550620800,907.31,913.51,906.64,911.8,False,False,False,False
2019-02-21,1550707200,912.83,926.09,911.38,926.09,False,False,False,False
2019-02-22,1550793600,926.3,934.65,920.78,929.5,False,False,False,False
2019-02-25,1551052800,929.57,944.01,929.5,939.47,False,False,False,False
2019-02-26,1551139200,939.56,941.45,922.93,929.51,False,False,False,False
2019-02-27,1551225600,929.78,935.76,928.59,930.54,False,False,False,False
2019-02-28,1551312000,930.37,930.81,904.98,904.98,False,False,False,False
2019-03-01,1551398400,904.96,915.99,904.96,915.32,False,False,False,False
2019-03-04,1551657600,915.39,929.28,915.39,928.42,False,False,False,False
2019-03-05,1551744000,928.25,931.23,922.05,923.66,False,False,False,False
2019-03-06,1551830400,923.71,926.32,916.89,923.58,False,False,False,False
2019-03-07,1551916800,923.77,930.79,922.29,922.29,False,False,False,False
2019-03-08,1552003200,922.16,922.16,913.39,914.74,False,False,False,False
2019-03-11,1552262400,915.0,918.73,911.88,916.24,False,False,False,False
2019-03-12,1552348800,919.21,929.86,919.21,929.86,False,False,False,False
2019-03-13,1552435200,929.93,939.17,929.93,935.41,False,False,False,False
2019-03-14,1552521600,935.72,937.82,931.33,934.42,False,False,False,False
2019-03-15,1552608000,934.87,934.87,924.45,927.06,False,False,False,False
2019-03-18,1552867200,927.16,935.16,926.85,932.75,False,False,False,False
2019-03-19,1552953600,933.56,935.67,924.91,927.56,False,False,False,False
2019-03-20,1553040000,927.54,927.54,914.77,924.12,False,False,False,False
2019-03-21,1553126400,924.22,928.32,907.87,907.87,False,False,False,False
2019-03-22,1553212800,907.94,914.69,906.64,912.27,False,False,False,False
2019-03-25,1553472000,912.1,912.1,889.17,893.4,False,False,False,False
2019-03-26,1553558400,893.78,901.81,892.47,894.58,False,False,False,False
2019-03-27,1553644800,895.71,903.35,895.71,901.76,False,False,False,False
2019-03-28,1553731200,901.51,903.88,898.17,901.65,False,False,False,False
2019-03-29,1553817600,901.64,906.84,900.13,900.13,False,False,False,False
2019-04-01,1554076800,900.17,905.94,900.17,905.87,False,False,False,False
2019-04-02,1554163200,907.18,912.94,902.43,903.59,False,False,False,False
2019-04-03,1554249600,902.71,903.05,897.47,901.5,False,False,False,False
2019-04-04,1554336000,902.07,906.29,900.97,904.33,False,False,False,False
2019-04-05,1554422400,904.61,905.76,902.77,904.69,False,False,False,False
2019-04-08,1554681600,904.92,907.2,900.97,906.55,False,False,False,False
2019-04-09,1554768000,906.46,908.94,898.8,900.07,False,False,False,False
2019-04-10,1554854400,899.91,899.91,887.75,893.19,False,False,False,False
2019-04-11,1554940800,893.6,896.68,892.62,896.04,False,False,False,False
2019-04-12,1555027200,895.95,895.95,891.71,893.1,False,False,False,False
2019-04-16,1555372800,890.81,890.81,877.38,887.76,False,False,False,False
2019-04-17,1555459200,886.65,891.78,885.64,885.66,False,False,False,False
2019-04-18,1555545600,884.29,887.48,876.2,877.02,False,False,False,False
2019-04-19,1555632000,877.07,884.77,877.07,880.52,False,False,False,False
2019-04-22,1555891200,880.9,880.9,873.55,878.23,False,False,False,False
2019-04-23,1555977600,878.38,881.67,875.05,878.29,False,False,False,False
2019-04-24,1556064000,877.97,889.02,877.97,888.65,False,False,False,False
2019-04-25,1556150400,888.57,888.91,883.72,885.65,False,False,False,False
2019-04-26,1556236800,885.47,890.69,882.58,890.55,False,False,False,False
2019-05-02,1556755200,890.6,893.89,889.61,893.87,False,False,False,False
2019-05-03,1556841600,893.8,895.7,889.2,895.42,False,False,False,False
2019-05-06,1557100800,893.83,893.83,875.71,878.8,False,False,False,False
2019-05-07,1557187200,880.06,885.23,876.18,877.02,False,False,False,False
2019-05-08,1557273600,872.22,874.89,867.18,872.78,False,False,False,False
2019-05-09,1557360000,872.71,875.89,868.73,871.5,False,False,False,False
2019-05-10,1557446400,871.28,877.59,871.28,876.45,False,False,False,False
2019-05-13,1557705600,876.16,879.64,874.68,879.64,False,False,False,False
2019-05-14,1557792000,879.14,882.67,871.96,882.67,False,False,False,False
2019-05-15,1557878400,882.99,893.68,882.99,893.22,False,False,False,False
2019-05-16,1557964800,893.7,896.34,891.93,891.93,False,False,False,False
2019-05-17,1558051200,892.93,893.44,888.56,890.53,False,False,False,False
2019-05-20,1558310400,890.16,901.06,888.12,901.06,False,False,False,False
2019-05-21,1558396800,901.79,907.64,900.97,901.36,False,False,False,False
2019-05-22,1558483200,901.49,906.99,897.27,897.66,False,False,False,False
2019-05-23,1558569600,897.5,899.02,892.08,895.07,False,False,False,False
2019-05-24,1558656000,894.22,898.24,884.48,884.48,False,False,False,False
2019-05-27,1558915200,884.29,889.45,883.95,889.2,False,False,False,False
2019-05-28,1559001600,888.8,891.61,883.53,885.27,False,False,False,False
2019-05-29,1559088000,886.12,886.98,882.0,883.52,False,False,False,False
2019-05-30,1559174400,883.51,888.68,879.58,883.37,False,False,False,False
2019-05-31,1559260800,883.39,884.75,875.77,876.29,False,False,False,False
2019-06-03,1559520000,875.64,875.64,858.64,864.08,False,False,False,False
2019-06-04,1559606400,864.27,868.67,857.94,864.35,False,False,False,False
2019-06-05,1559692800,866.79,871.91,863.69,863.69,False,False,False,False
2019-06-06,1559779200,863.81,865.16,851.47,861.31,False,False,False,False
2019-06-07,1559865600,860.64,869.56,860.64,869.56,False,False,False,False
2019-06-10,1560124800,869.68,877.45,866.79,872.49,False,False,False,False
2019-06-11,1560211200,872.53,874.32,870.0,870.91,False,False,False,False
2019-06-12,1560297600,870.48,871.64,865.42,865.42,False,False,False,False
2019-06-13,1560384000,865.29,865.29,857.72,859.68,False,False,False,False
2019-06-14,1560470400,859.53,864.29,859.08,861.65,False,False,False,False
2019-06-17,1560729600,861.37,862.36,851.14,852.99,False,False,False,False
2019-06-18,1560816000,852.62,853.95,845.4,848.17,False,False,False,False
2019-06-19,1560902400,850.34,854.81,850.34,854.34,False,False,False,False
2019-06-20,1560988800,854.9,867.91,853.96,864.59,False,False,False,False
2019-06-21,1561075200,864.44,870.35,864.44,866.53,False,False,False,False
2019-06-24,1561334400,866.63,873.33,866.63,868.94,False,False,False,False
2019-06-25,1561420800,867.73,870.37,866.25,868.5,False,False,False,False
2019-06-26,1561507200,868.16,870.52,865.67,866.81,False,False,False,False
2019-06-27,1561593600,866.84,867.08,854.41,854.41,False,False,False,False
2019-06-28,1561680000,854.49,864.24,847.77,864.24,False,False,False,False
2019-07-01,1561939200,864.26,876.39,864.26,876.26,False,False,False,False
2019-07-02,1562025600,876.27,877.08,870.71,872.92,False,False,False,False
2019-07-03,1562112000,872.77,872.77,865.59,869.58,False,False,False,False
2019-07-04,1562198400,870.03,879.72,870.03,879.72,False,False,False,False
2019-07-05,1562284800,879.49,882.19,876.28,880.23,False,False,False,False
2019-07-08,1562544000,878.96,878.96,867.35,870.92,False,False,False,False
2019-07-09,1562630400,871.19,872.52,866.32,872.21,False,False,False,False
2019-07-10,1562716800,872.2,878.32,872.2,876.12,False,False,False,False
2019-07-11,1562803200,877.86,880.88,876.69,879.1,False,False,False,False
2019-07-12,1562889600,880.06,883.15,874.56,874.99,False,False,False,False
2019-07-15,1563148800,875.28,876.82,870.84,873.71,False,False,False,False
2019-07-16,1563235200,873.74,880.91,873.74,880.91,False,False,False,False
2019-07-17,1563321600,880.69,882.85,877.59,879.75,False,False,False,False
2019-07-18,1563408000,879.66,879.66,870.81,870.81,False,False,False,False
2019-07-19,1563494400,870.97,881.16,870.97,880.79,False,False,False,False
2019-07-22,1563753600,880.49,885.42,878.39,879.62,False,False,False,False
2019-07-23,1563840000,879.42,889.04,878.22,888.26,False,False,False,False
2019-07-24,1563926400,888.63,892.81,885.66,887.39,False,False,False,False
2019-07-25,1564012800,887.43,892.31,885.19,890.41,False,False,False,False
2019-07-26,1564099200,890.44,891.9,886.09,887.84,False,False,False,False
2019-07-29,1564358400,887.96,889.97,880.92,888.54,False,False,False,False
2019-07-30,1564444800,888.7,892.38,877.92,877.92,False,False,False,False
2019-07-31,1564531200,877.8,885.86,874.39,883.19,False,False,False,False
2019-08-01,1564617600,884.29,887.39,881.52,887.39,False,False,False,False
2019-08-02,1564704000,887.06,887.06,877.76,885.29,False,False,False,False
2019-08-05,1564963200,883.34,884.09,872.39,872.39,False,False,False,False
2019-08-06,1565049600,870.82,870.82,858.02,866.13,False,False,False,False
2019-08-07,1565136000,866.76,872.05,863.57,868.27,False,False,False,False
2019-08-08,1565222400,868.2,877.32,866.69,875.81,False,False,False,False
2019-08-09,1565308800,876.5,880.29,874.51,878.62,False,False,False,False
2019-08-12,1565568000,878.56,883.41,877.33,882.23,False,False,False,False
2019-08-13,1565654400,882.2,882.2,875.32,877.97,False,False,False,False
2019-08-14,1565740800,880.04,886.8,880.04,880.51,False,False,False,False
2019-08-15,1565827200,874.42,890.78,867.95,890.78,False,False,False,False
2019-08-16,1565913600,890.39,900.31,886.87,892.44,False,False,False,False
2019-08-19,1566172800,892.32,897.03,889.34,891.78,False,False,False,False
2019-08-20,1566259200,891.73,894.86,890.96,894.45,False,False,False,False
2019-08-21,1566345600,894.56,901.25,892.05,900.54,False,False,False,False
2019-08-22,1566432000,901.28,904.41,899.58,901.29,False,False,False,False
2019-08-23,1566518400,901.53,902.5,896.87,900.53,False,False,False,False
2019-08-26,1566777600,899.1,899.1,887.05,892.48,False,False,False,False
2019-08-27,1566864000,893.72,899.29,886.91,886.91,False,False,False,False
2019-08-28,1566950400,886.82,890.58,885.23,886.08,False,False,False,False
2019-08-29,1567036800,886.04,889.13,882.14,889.13,False,False,False,False
2019-08-30,1567123200,888.94,893.57,888.83,892.51,False,False,False,False
2019-09-03,1567468800,892.83,894.11,886.02,888.97,False,False,False,False
2019-09-04,1567555200,888.95,890.31,883.91,887.12,False,False,False,False
2019-09-05,1567641600,887.21,891.43,886.1,886.1,False,False,False,False
2019-09-06,1567728000,885.93,889.49,884.9,885.95,False,False,False,False
2019-09-09,1567987200,886.71,887.01,883.43,885.61,False,False,False,False
2019-09-10,1568073600,885.84,888.57,881.04,883.04,False,False,False,False
2019-09-11,1568160000,882.9,886.12,881.34,885.52,False,False,False,False
2019-09-12,1568246400,886.12,894.32,886.12,894.32,False,False,False,False
2019-09-13,1568332800,894.21,905.31,893.8,905.05,False,False,False,False
2019-09-16,1568592000,905.0,909.7,902.82,908.6,False,False,False,False
2019-09-17,1568678400,908.51,912.89,904.36,912.38,False,False,False,False
2019-09-18,1568764800,912.42,915.09,911.08,913.48,False,False,False,False
2019-09-19,1568851200,913.4,918.88,909.88,918.88,False,False,False,False
2019-09-20,1568937600,919.38,920.77,914.55,915.16,False,False,False,False
2019-09-23,1569196800,914.73,918.42,909.98,909.98,False,False,False,False
2019-09-24,1569283200,909.94,914.02,908.03,910.76,False,False,False,False
2019-09-25,1569369600,910.57,913.33,906.6,912.42,False,False,False,False
2019-09-26,1569456000,912.91,918.1,911.57,918.1,False,False,False,False
2019-09-27,1569542400,919.43,925.58,917.72,924.83,False,False,False,False
2019-09-30,1569801600,925.79,930.88,922.62,922.89,False,False,False,False
2019-10-01,1569888000,922.87,926.31,921.69,926.31,False,False,False,False
2019-10-02,1569974400,926.44,927.43,917.68,919.73,False,False,False,False
2019-10-03,1570060800,919.63,921.7,911.6,921.7,False,False,False,False
2019-10-04,1570147200,921.73,924.36,915.16,915.16,False,False,False,False
2019-10-07,1570406400,915.62,917.36,907.5,907.5,False,False,False,False
2019-10-08,1570492800,907.06,915.34,906.88,915.27,False,False,False,False
2019-10-09,1570579200,915.38,917.9,912.48,914.54,False,False,False,False
2019-10-10,1570665600,914.59,917.08,912.2,913.05,False,False,False,False
2019-10-11,1570752000,913.84,917.14,912.94,916.68,False,False,False,False
2019-10-14,1571011200,916.81,924.69,916.81,921.91,False,False,False,False
2019-10-15,1571097600,921.95,924.79,920.63,923.27,False,False,False,False
2019-10-16,1571184000,923.26,927.91,923.26,924.64,False,False,False,False
2019-10-17,1571270400,924.53,924.79,919.1,919.1,False,False,False,False
2019-10-18,1571356800,919.92,922.62,916.87,919.13,False,False,False,False
2019-10-21,1571616000,918.02,918.81,913.94,914.0,False,False,False,False
2019-10-22,1571702400,914.04,917.61,912.7,916.81,False,False,False,False
2019-10-23,1571788800,916.76,919.61,915.87,919.61,False,False,False,False
2019-10-24,1571875200,919.54,925.25,919.17,925.25,False,False,False,False
2019-10-25,1571961600,925.49,927.05,923.56,927.05,False,False,False,False
2019-10-28,1572220800,927.96,929.93,925.8,925.97,False,False,False,False
2019-10-29,1572307200,925.67,928.38,923.97,923.97,False,False,False,False
2019-10-30,1572393600,923.98,928.85,922.67,925.07,False,False,False,False
2019-10-31,1572480000,925.02,928.88,922.06,922.68,False,False,False,False
2019-11-01,1572566400,922.46,934.21,922.46,933.55,False,False,False,False
2019-11-04,1572825600,933.96,941.46,932.31,940.25,False,False,False,False
2019-11-05,1572912000,940.53,944.62,938.73,942.34,False,False,False,False
2019-11-06,1572998400,942.4,945.43,940.76,942.38,False,False,False,False
2019-11-07,1573084800,942.56,945.26,940.23,944.25,False,False,False,False
2019-11-08,1573171200,944.28,948.37,942.19,944.7,False,False,False,False
2019-11-11,1573430400,944.72,946.55,938.78,939.72,False,False,False,False
2019-11-12,1573516800,939.56,942.55,937.95,939.82,False,False,False,False
2019-11-13,1573603200,939.97,941.13,930.84,932.6,False,False,False,False
2019-11-14,1573689600,932.45,935.72,927.14,928.44,False,False,False,False
2019-11-15,1573776000,928.82,930.84,922.59,927.36,False,False,False,False
2019-11-18,1574035200,927.49,929.18,920.52,920.95,False,False,False,False
2019-11-19,1574121600,921.0,926.07,919.95,926.07,False,False,False,False
2019-11-20,1574208000,925.94,926.67,917.0,917.0,False,False,False,False
2019-11-21,1574294400,917.06,917.06,898.23,898.23,False,False,False,False
2019-11-22,1574380800,898.93,906.93,885.83,892.31,False,False,False,False
2019-11-25,1574640000,892.38,896.43,886.81,894.8,False,False,False,False
2019-11-26,1574726400,895.36,900.72,895.36,897.5,False,False,False,False
2019-11-27,1574812800,898.58,901.1,894.8,895.06,False,False,False,False
2019-11-28,1574899200,894.45,895.42,883.16,885.7,False,False,False,False
2019-11-29,1574985600,885.9,888.41,882.68,887.47,False,False,False,False
2019-12-02,1575244800,887.19,889.47,875.1,875.1,False,False,False,False
2019-12-03,1575331200,874.9,877.96,865.74,868.68,False,False,False,False
2019-12-04,1575417600,868.79,883.56,865.31,883.56,False,False,False,False
2019-12-05,1575504000,883.33,886.36,878.39,879.32,False,False,False,False
2019-12-06,1575590400,878.28,882.59,875.99,880.43,False,False,False,False
2019-12-09,1575849600,880.39,882.58,876.01,879.94,False,False,False,False
2019-12-10,1575936000,879.95,880.22,870.25,873.16,False,False,False,False
2019-12-11,1576022400,873.38,878.27,869.15,878.27,False,False,False,False
2019-12-12,1576108800,878.95,885.73,878.88,884.8,False,False,False,False
2019-12-13,1576195200,884.98,888.53,880.55,880.55,False,False,False,False
2019-12-16,1576454400,878.88,879.75,874.06,876.65,False,False,False,False
2019-12-17,1576540800,876.5,877.63,867.13,867.44,False,False,False,False
2019-12-18,1576627200,866.61,867.69,861.05,863.16,False,False,False,False
2019-12-19,1576713600,862.78,867.25,858.76,862.23,False,False,False,False
2019-12-20,1576800000,862.41,869.52,862.38,868.37,False,False,False,False
2019-12-23,1577059200,869.08,872.75,867.92,868.2,False,False,False,False
2019-12-24,1577145600,868.14,869.9,864.86,869.88,False,False,False,False
2019-12-25,1577232000,869.93,874.93,869.22,873.18,False,False,False,False
2019-12-26,1577318400,873.17,874.87,869.57,872.07,False,False,False,False
2019-12-27,1577404800,872.11,876.38,867.95,876.38,False,False,False,False
2019-12-30,1577664000,876.61,881.27,876.13,880.29,False,False,False,False
2019-12-31,1577750400,880.42,881.98,876.66,879.06,False,False,False,False
2020-01-02,1577923200,879.02,886.88,876.87,886.88,False,False,False,False
2020-01-03,1578009600,887.11,890.38,883.18,883.28,False,False,False,False
2020-01-06,1578268800,882.51,882.51,872.34,872.34,False,False,False,False
2020-01-07,1578355200,872.32,877.34,870.49,876.7,False,False,False,False
2020-01-08,1578441600,876.64,876.64,861.51,865.18,False,False,False,False
2020-01-09,1578528000,867.27,878.43,867.27,877.76,False,False,False,False
2020-01-10,1578614400,877.85,888.09,877.7,885.52,False,False,False,False
2020-01-13,1578873600,884.95,885.45,881.35,881.79,False,False,False,False
2020-01-14,1578960000,881.77,886.83,880.58,884.77,False,False,False,False
2020-01-15,1579046400,884.95,886.33,882.79,885.36,False,False,False,False
2020-01-16,1579132800,885.88,892.2,883.83,891.96,False,False,False,False
2020-01-17,1579219200,891.66,897.63,891.36,894.84,False,False,False,False
2020-01-20,1579478400,894.6,897.4,891.75,897.4,False,False,False,False
2020-01-21,1579564800,897.97,907.51,897.97,906.52,False,False,False,False
2020-01-22,1579651200,906.17,909.41,903.27,909.09,False,False,False,False
2020-01-30,1580342400,908.2,908.2,870.53,875.82,False,False,False,False
2020-01-31,1580428800,875.43,876.59,848.63,848.63,False,False,False,False
2020-02-03,1580688000,848.42,848.42,803.73,842.67,False,False,False,False
2020-02-04,1580774400,842.79,849.8,833.93,845.52,False,False,False,False
2020-02-05,1580860800,845.65,854.72,840.41,845.31,False,False,False,False
2020-02-06,1580947200,845.38,862.86,842.68,862.86,False,False,False,False
2020-02-07,1581033600,862.71,865.91,858.02,863.49,False,False,False,False
2020-02-10,1581292800,863.28,863.28,848.21,852.87,False,False,False,False
2020-02-11,1581379200,853.09,859.38,853.09,856.39,False,False,False,False
2020-02-12,1581465600,856.64,870.1,856.64,863.23,False,False,False,False
2020-02-13,1581552000,862.72,864.79,858.46,864.16,False,False,False,False
2020-02-14,1581638400,865.03,868.84,863.14,865.86,False,False,False,False
2020-02-17,1581897600,865.83,867.45,862.75,866.27,False,False,False,False
2020-02-18,1581984000,866.06,866.61,858.61,861.71,False,False,False,False
2020-02-19,1582070400,860.23,865.4,859.65,863.84,False,False,False,False
2020-02-20,1582156800,864.0,872.86,864.0,871.4,False,False,False,False
2020-02-21,1582243200,871.49,877.52,868.59,868.89,False,False,False,False
2020-02-24,1582502400,867.56,867.56,837.4,837.4,False,False,False,False
2020-02-25,1582588800,836.54,849.58,827.81,849.58,False,False,False,False
2020-02-26,1582675200,849.56,849.56,837.52,841.68,False,False,False,False
2020-02-27,1582761600,841.19,849.18,836.56,848.34,False,False,False,False
2020-02-28,1582848000,844.02,844.02,823.09,831.97,False,False,False,False
2020-03-02,1583107200,831.25,837.99,827.23,835.42,False,False,False,False
2020-03-03,1583193600,835.14,846.21,835.14,837.99,False,False,False,False
2020-03-04,1583280000,838.02,839.26,831.2,837.99,False,False,False,False
2020-03-05,1583366400,838.93,846.58,836.32,839.12,False,False,False,False
2020-03-06,1583452800,838.77,838.77,827.12,835.97,False,False,False,False
2020-03-09,1583712000,835.65,835.65,781.12,782.85,False,False,False,False
2020-03-10,1583798400,780.66,794.88,762.34,789.51,False,False,False,False
2020-03-11,1583884800,789.75,795.98,746.83,758.16,False,False,False,False
2020-03-12,1583971200,757.9,757.9,710.33,719.21,False,False,False,False
2020-03-13,1584057600,715.34,722.3,674.36,716.65,False,False,False,False
2020-03-16,1584316800,716.52,716.52,688.8,698.18,False,False,False,False
2020-03-17,1584403200,698.0,702.36,673.21,699.73,False,False,False,False
2020-03-18,1584489600,699.93,705.3,695.42,700.65,False,False,False,False
2020-03-19,1584576000,699.35,699.35,669.04,679.55,False,False,False,False
2020-03-20,1584662400,679.78,683.55,668.9,673.7,False,False,False,False
2020-03-23,1584921600,671.05,671.05,628.46,632.86,False,False,False,False
2020-03-24,1585008000,632.63,633.97,619.07,625.43,False,False,False,False
2020-03-25,1585094400,625.83,652.31,625.83,652.31,False,False,False,False
2020-03-26,1585180800,651.94,655.06,639.02,646.7,False,False,False,False
2020-03-27,1585267200,646.61,649.17,633.41,642.23,False,False,False,False
2020-03-30,1585526400,641.92,641.92,605.0,613.02,False,False,False,False
2020-03-31,1585612800,613.33,629.08,598.6,610.76,False,False,False,False
2020-04-01,1585699200,609.35,631.6,606.03,628.79,False,False,False,False
2020-04-03,1585872000,630.37,649.15,630.37,649.15,False,False,False,False
2020-04-06,1586131200,649.81,682.65,649.81,682.65,False,False,False,False
2020-04-07,1586217600,682.5,695.45,677.03,693.61,False,False,False,False
2020-04-08,1586304000,693.66,693.66,675.26,691.17,False,False,False,False
2020-04-09,1586390400,691.28,704.18,691.28,697.85,False,False,False,False
2020-04-10,1586476800,697.9,701.77,687.18,695.74,False,False,False,False
2020-04-13,1586736000,695.84,714.58,695.84,706.37,False,False,False,False
2020-04-14,1586822400,706.24,713.81,699.03,713.81,False,False,False,False
2020-04-15,1586908800,714.39,726.2,714.39,722.8,False,False,False,False
2020-04-16,1586995200,721.73,726.71,714.52,726.57,False,False,False,False
2020-04-17,1587081600,727.51,736.17,727.51,734.98,False,False,False,False
2020-04-20,1587340800,736.1,742.27,729.52,736.31,False,False,False,False
2020-04-21,1587427200,734.14,734.14,702.61,706.65,False,False,False,False
2020-04-22,1587513600,706.54,718.62,692.03,714.42,False,False,False,False
2020-04-23,1587600000,715.62,729.99,715.62,717.49,False,False,False,False
2020-04-24,1587686400,717.41,725.52,711.14,725.05,False,False,False,False
2020-04-27,1587945600,724.76,735.28,719.66,719.66,False,False,False,False
2020-04-28,1588032000,719.45,721.73,711.84,715.74,False,False,False,False
2020-04-29,1588118400,715.47,719.18,713.62,715.33,False,False,False,False
2020-05-04,1588550400,714.9,716.05,706.47,709.35,False,False,False,False
2020-05-05,1588636800,710.22,714.59,707.49,711.01,False,False,False,False
2020-05-06,1588723200,711.34,725.94,709.77,725.94,False,False,False,False
2020-05-07,1588809600,726.17,739.98,726.17,739.98,False,False,False,False
2020-05-08,1588896000,740.14,773.22,740.14,760.15,False,False,False,False
2020-05-11,1589155200,760.86,777.13,760.66,777.13,False,False,False,False
2020-05-12,1589241600,777.35,783.77,766.7,782.45,False,False,False,False
2020-05-13,1589328000,781.85,788.06,760.2,783.69,False,False,False,False
2020-05-14,1589414400,782.87,785.1,773.62,780.73,False,False,False,False
2020-05-15,1589500800,781.36,785.26,771.25,773.95,False,False,False,False
2020-05-18,1589760000,774.07,787.27,770.61,787.27,False,False,False,False
2020-05-19,1589846400,787.53,808.17,787.53,799.31,False,False,False,False
2020-05-20,1589932800,799.28,803.35,793.75,803.32,False,False,False,False
2020-05-21,1590019200,803.57,815.55,802.49,815.55,False,False,False,False
2020-05-22,1590105600,815.51,815.51,802.82,803.14,False,False,False,False
2020-05-25,1590364800,803.35,809.12,799.23,807.25,False,False,False,False
2020-05-26,1590451200,807.55,815.96,807.55,815.01,False,False,False,False
2020-05-27,1590537600,816.04,821.36,801.36,801.36,False,False,False,False
2020-05-28,1590624000,801.38,810.43,800.16,804.06,False,False,False,False
2020-05-29,1590710400,804.0,808.83,801.46,806.23,False,False,False,False
2020-06-01,1590969600,806.44,821.47,806.44,821.47,False,False,False,False
2020-06-02,1591056000,821.89,827.11,818.12,818.7,False,False,False,False
2020-06-03,1591142400,819.02,824.54,818.33,824.29,False,False,False,False
2020-06-04,1591228800,824.3,831.49,823.51,823.77,False,False,False,False
2020-06-05,1591315200,823.46,826.47,818.33,826.47,False,False,False,False
2020-06-08,1591574400,826.79,845.63,826.79,838.52,False,False,False,False
2020-06-09,1591660800,839.19,843.58,836.13,837.02,False,False,False,False
2020-06-10,1591747200,836.8,842.21,827.6,839.11,False,False,False,False
2020-06-11,1591833600,839.02,842.76,806.64,806.87,False,False,False,False
2020-06-12,1591920000,803.11,807.76,782.7,807.76,False,False,False,False
2020-06-15,1592179200,808.58,813.59,778.71,778.71,False,False,False,False
2020-06-16,1592265600,779.8,801.42,779.8,798.82,False,False,False,False
2020-06-17,1592352000,799.14,802.06,793.2,796.43,False,False,False,False
2020-06-18,1592438400,795.84,800.03,788.72,797.08,False,False,False,False
2020-06-19,1592524800,797.21,808.28,797.03,808.28,False,False,False,False
2020-06-22,1592784000,808.58,812.99,805.24,809.97,False,False,False,False
2020-06-23,1592870400,809.53,812.24,803.96,807.61,False,False,False,False
2020-06-24,1592956800,807.9,813.47,799.35,801.62,False,False,False,False
2020-06-25,1593043200,801.29,801.29,791.38,796.51,False,False,False,False
2020-06-26,1593129600,796.7,803.88,793.08,795.53,False,False,False,False
2020-06-29,1593388800,795.11,795.11,768.99,774.81,False,False,False,False
2020-06-30,1593475200,774.84,784.44,765.62,770.53,False,False,False,False
2020-07-01,1593561600,770.23,787.38,770.02,786.82,False,False,False,False
2020-07-02,1593648000,787.13,788.88,781.45,785.59,False,False,False,False
2020-07-03,1593734400,785.81,790.3,785.81,789.87,False,False,False,False
2020-07-06,1593993600,790.08,803.76,790.08,803.46,False,False,False,False
2020-07-07,1594080000,803.61,812.48,803.61,805.68,False,False,False,False
2020-07-08,1594166400,805.67,807.09,801.57,805.06,False,False,False,False
2020-07-09,1594252800,805.12,819.45,805.12,817.08,False,False,False,False
2020-07-10,1594339200,816.76,817.67,806.67,809.02,False,False,False,False
2020-07-13,1594598400,809.03,814.35,802.5,806.17,False,False,False,False
2020-07-14,1594684800,805.21,805.92,798.21,805.37,False,False,False,False
2020-07-15,1594771200,805.38,815.09,805.38,810.16,False,False,False,False
2020-07-16,1594857600,811.24,819.83,809.41,819.83,False,False,False,False
2020-07-17,1594944000,819.27,819.27,812.61,814.16,False,False,False,False
2020-07-20,1595203200,814.0,814.0,803.36,803.36,False,False,False,False
2020-07-21,1595289600,803.55,806.34,799.98,804.7,False,False,False,False
2020-07-22,1595376000,804.26,806.93,797.82,797.85,False,False,False,False
2020-07-23,1595462400,797.94,800.29,794.59,800.29,False,False,False,False
2020-07-24,1595548800,798.89,798.89,760.56,772.29,False,False,False,False
2020-07-27,1595808000,767.3,767.3,726.02,729.93,False,False,False,False
2020-07-28,1595894400,730.55,757.5,730.55,756.17,False,False,False,False
2020-07-29,1595980800,755.14,755.14,722.85,735.16,False,False,False,False
2020-07-30,1596067200,735.3,746.74,735.3,746.02,False,False,False,False
2020-07-31,1596153600,745.33,747.56,731.14,740.73,False,False,False,False
2020-08-03,1596412800,740.33,758.3,738.64,757.86,False,False,False,False
2020-08-04,1596499200,759.19,768.46,759.19,768.22,False,False,False,False
2020-08-05,1596585600,767.54,782.09,761.26,780.71,False,False,False,False
2020-08-06,1596672000,780.69,787.27,776.04,781.6,False,False,False,False
2020-08-07,1596758400,781.61,785.99,778.45,782.15,False,False,False,False
2020-08-10,1597017600,782.5,791.67,782.5,784.3,False,False,False,False
2020-08-11,1597104000,784.74,788.92,781.04,784.57,False,False,False,False
2020-08-12,1597190400,784.58,790.01,784.23,788.42,False,False,False,False
2020-08-13,1597276800,789.26,795.69,789.26,795.09,False,False,False,False
2020-08-14,1597363200,795.13,801.61,789.12,791.98,False,False,False,False
2020-08-17,1597622400,791.89,793.61,782.52,791.54,False,False,False,False
2020-08-18,1597708800,791.6,792.13,784.93,786.95,False,False,False,False
2020-08-19,1597795200,787.23,791.85,786.01,789.41,False,False,False,False
2020-08-20,1597881600,789.49,793.35,783.57,786.11,False,False,False,False
2020-08-21,1597968000,786.14,795.05,786.14,793.6,False,False,False,False
2020-08-24,1598227200,793.46,810.17,793.46,809.69,False,False,False,False
2020-08-25,1598313600,809.34,818.94,809.34,815.18,False,False,False,False
2020-08-26,1598400000,815.19,816.68,811.45,812.36,False,False,False,False
2020-08-27,1598486400,812.47,814.64,810.68,814.55,False,False,False,False
2020-08-28,1598572800,814.69,828.88,814.69,821.93,False,False,False,False
2020-08-31,1598832000,822.01,831.76,820.66,823.93,False,False,False,False
2020-09-01,1598918400,823.27,832.87,821.74,832.03,False,False,False,False
2020-09-03,1599091200,832.27,844.27,832.27,843.64,False,False,False,False
2020-09-04,1599177600,843.22,843.22,833.54,840.54,False,False,False,False
2020-09-07,1599436800,840.64,843.8,824.36,824.36,False,False,False,False
2020-09-08,1599523200,824.62,829.22,819.02,827.57,False,False,False,False
2020-09-09,1599609600,827.5,828.38,816.51,824.42,False,False,False,False
2020-09-10,1599696000,825.15,832.61,825.15,825.85,False,False,False,False
2020-09-11,1599782400,825.81,827.83,821.97,825.56,False,False,False,False
2020-09-14,1600041600,825.69,833.09,825.69,832.24,False,False,False,False
2020-09-15,1600128000,832.27,835.42,831.13,833.33,False,False,False,False
2020-09-16,1600214400,833.31,834.52,831.33,834.5,False,False,False,False
2020-09-17,1600300800,834.6,837.76,829.08,831.84,False,False,False,False
2020-09-18,1600387200,832.46,842.1,832.46,841.26,False,False,False,False
2020-09-21,1600646400,841.28,852.65,841.28,851.54,False,False,False,False
2020-09-22,1600732800,851.43,854.69,846.03,852.72,False,False,False,False
2020-09-23,1600819200,852.88,860.34,852.88,858.3,False,False,False,False
2020-09-24,1600905600,858.14,858.89,852.29,853.21,False,False,False,False
2020-09-25,1600992000,853.19,856.79,850.1,854.71,False,False,False,False
2020-09-28,1601251200,854.84,863.98,854.84,863.31,False,False,False,False
2020-09-29,1601337600,863.59,871.99,856.2,856.2,False,False,False,False
2020-09-30,1601424000,856.07,860.1,852.54,858.54,False,False,False,False
2020-10-01,1601510400,859.27,868.3,859.27,867.58,False,False,False,False
2020-10-02,1601596800,867.93,870.8,850.61,861.51,False,False,False,False
2020-10-05,1601856000,861.65,869.09,861.65,867.7,False,False,False,False
2020-10-06,1601942400,867.74,872.39,866.12,871.37,False,False,False,False
2020-10-07,1602028800,870.98,876.31,867.06,870.85,False,False,False,False
2020-10-08,1602115200,870.88,873.13,864.55,869.82,False,False,False,False
2020-10-09,1602201600,869.8,875.52,868.36,874.53,False,False,False,False
2020-10-12,1602460800,874.72,882.84,871.58,874.9,False,False,False,False
2020-10-13,1602547200,874.58,879.25,872.36,878.35,False,False,False,False
2020-10-14,1602633600,878.94,892.25,878.94,892.15,False,False,False,False
2020-10-15,1602720000,896.5,901.71,893.94,899.2,False,False,False,False
2020-10-16,1602806400,899.58,906.17,892.7,901.59,False,False,False,False
2020-10-19,1603065600,899.61,906.16,899.61,903.51,False,False,False,False
2020-10-20,1603152000,903.57,909.49,899.42,909.49,False,False,False,False
2020-10-21,1603238400,910.63,918.14,905.08,906.1,False,False,False,False
2020-10-22,1603324800,905.85,918.3,901.96,918.3,False,False,False,False
2020-10-23,1603411200,918.84,930.59,918.84,930.3,False,False,False,False
2020-10-26,1603670400,929.5,942.72,919.56,919.56,False,False,False,False
2020-10-27,1603756800,919.6,926.52,914.72,915.46,False,False,False,False
2020-10-28,1603843200,913.37,916.0,888.88,888.88,False,False,False,False
2020-10-29,1603929600,887.99,894.19,879.74,886.68,False,False,False,False
2020-10-30,1604016000,887.34,893.42,875.84,892.55,False,False,False,False
2020-11-02,1604275200,892.68,900.03,889.83,899.27,False,False,False,False
2020-11-03,1604361600,899.73,904.78,897.3,902.14,False,False,False,False
2020-11-04,1604448000,902.38,910.59,900.74,905.48,False,False,False,False
2020-11-05,1604534400,905.55,913.2,903.64,903.64,False,False,False,False
2020-11-06,1604620800,903.68,907.67,899.51,902.91,False,False,False,False
2020-11-09,1604880000,903.13,917.42,903.13,917.42,False,False,False,False
2020-11-10,1604966400,917.45,929.66,916.5,916.5,False,False,False,False
2020-11-11,1605052800,916.98,919.95,910.39,916.68,False,False,False,False
2020-11-12,1605139200,916.89,923.0,916.21,923.0,False,False,False,False
2020-11-13,1605225600,923.04,931.2,923.0,931.2,False,False,False,False
2020-11-16,1605484800,931.4,939.1,915.23,915.97,False,False,False,False
2020-11-17,1605571200,916.25,934.65,916.25,934.65,False,False,False,False
2020-11-18,1605657600,935.24,939.62,931.18,937.67,False,False,False,False
2020-11-19,1605744000,938.6,945.06,936.32,944.92,False,False,False,False
2020-11-20,1605830400,944.85,950.89,942.28,950.89,False,False,False,False
2020-11-23,1606089600,950.98,961.35,946.14,960.03,False,False,False,False
2020-11-24,1606176000,959.99,964.53,948.67,959.61,False,False,False,False
2020-11-25,1606262400,959.68,963.81,957.09,960.63,False,False,False,False
2020-11-26,1606348800,960.29,964.16,953.46,964.16,False,False,False,False
2020-11-27,1606435200,964.32,971.11,963.69,971.11,False,False,False,False
2020-11-30,1606694400,971.39,975.46,965.89,965.89,False,False,False,False
2020-12-01,1606780800,963.57,976.44,951.92,976.35,False,False,False,False
2020-12-02,1606867200,976.27,981.28,973.58,979.95,False,False,False,False
2020-12-03,1606953600,980.17,986.4,978.16,985.44,False,False,False,False
2020-12-04,1607040000,985.91,988.68,983.03,984.34,False,False,False,False
2020-12-07,1607299200,984.25,992.59,984.07,992.01,False,False,False,False
2020-12-08,1607385600,992.11,996.64,988.71,993.61,False,False,False,False
2020-12-09,1607472000,993.68,1004.61,993.68,1004.03,False,False,False,False
2020-12-10,1607558400,1004.42,1008.6,994.28,994.28,False,False,False,False
2020-12-11,1607644800,994.34,1008.65,994.29,1008.65,False,False,False,False
2020-12-14,1607904000,1008.86,1024.28,1008.86,1024.28,False,False,False,False
2020-12-15,1607990400,1024.4,1025.34,1009.8,1013.02,False,False,False,False
2020-12-16,1608076800,1013.66,1029.72,1013.66,1029.72,False,False,False,False
2020-12-17,1608163200,1028.63,1028.63,1015.86,1016.95,False,False,False,False
2020-12-18,1608249600,1017.99,1037.98,1017.99,1036.65,False,False,False,False
2020-12-21,1608508800,1038.0,1052.85,1038.0,1049.71,False,False,False,False
2020-12-22,1608595200,1051.17,1053.81,1043.8,1052.23,False,False,False,False
2020-12-23,1608681600,1053.89,1058.91,1043.88,1045.7,False,False,False,False
2020-12-24,1608768000,1045.97,1051.56,1013.9,1033.95,False,False,False,False
2020-12-25,1608854400,1033.86,1052.16,1026.05,1052.13,False,False,False,False
2020-12-28,1609113600,1053.37,1063.09,1047.45,1054.23,False,False,False,False
2020-12-29,1609200000,1053.83,1062.61,1050.05,1058.39,False,False,False,False
2020-12-30,1609286400,1059.2,1069.5,1055.25,1059.16,False,False,False,False
2020-12-31,1609372800,1058.9,1074.02,1058.9,1070.77,False,False,False,False
2021-01-04,1609718400,1072.44,1097.61,1072.44,1091.87,False,False,False,False
2021-01-05,1609804800,1090.71,1106.29,1086.07,1104.3,False,False,False,False
2021-01-06,1609891200,1105.74,1125.63,1104.99,1113.72,False,False,False,False
2021-01-07,1609977600,1113.88,1130.59,1113.88,1130.59,False,False,False,False
2021-01-08,1610064000,1131.0,1156.38,1131.0,1147.86,False,False,False,False
2021-01-11,1610323200,1148.06,1165.99,1148.06,1163.4,False,False,False,False
2021-01-12,1610409600,1163.44,1169.38,1155.9,1169.03,False,False,False,False
2021-01-13,1610496000,1169.16,1178.44,1161.87,1164.57,False,False,False,False
2021-01-14,1610582400,1165.22,1169.97,1156.58,1168.99,False,False,False,False
2021-01-15,1610668800,1169.27,1185.46,1169.27,1182.2,False,False,False,False
2021-01-18,1610928000,1183.25,1188.53,1171.96,1173.34,False,False,False,False
2021-01-19,1611014400,1173.27,1173.61,1098.47,1107.32,False,False,False,False
2021-01-20,1611100800,1108.92,1121.97,1073.13,1116.21,False,False,False,False
2021-01-21,1611187200,1121.52,1152.9,1114.26,1151.3,False,False,False,False
2021-01-22,1611273600,1151.56,1164.45,1147.88,1156.58,False,False,False,False
2021-01-25,1611532800,1156.55,1164.7,1149.26,1154.29,False,False,False,False
2021-01-26,1611619200,1153.94,1155.32,1107.54,1125.09,False,False,False,False
2021-01-27,1611705600,1122.92,1125.25,1073.74,1083.63,False,False,False,False
2021-01-28,1611792000,1080.83,1080.83,1008.53,1010.75,False,False,False,False
2021-01-29,1611878400,1009.96,1070.05,978.85,1048.31,False,False,False,False
2021-02-01,1612137600,1048.01,1068.93,1029.21,1029.86,False,False,False,False
2021-02-02,1612224000,1029.55,1079.87,1025.18,1079.7,False,False,False,False
2021-02-03,1612310400,1080.23,1122.04,1080.23,1117.98,False,False,False,False
2021-02-04,1612396800,1117.52,1126.64,1103.11,1117.74,False,False,False,False
2021-02-05,1612483200,1117.92,1135.5,1117.92,1135.5,False,False,False,False
2021-02-08,1612742400,1135.59,1136.38,1077.4,1092.59,False,False,False,False
2021-02-09,1612828800,1092.67,1129.49,1089.85,1129.49,False,False,False,False
2021-02-17,1613520000,1130.19,1174.91,1130.19,1174.91,False,False,False,False
2021-02-18,1613606400,1174.8,1187.94,1162.48,1187.94,False,False,False,False
2021-02-19,1613692800,1186.7,1188.61,1168.18,1180.59,False,False,False,False
2021-02-22,1613952000,1180.48,1190.48,1172.71,1180.55,False,False,False,False
2021-02-23,1614038400,1180.38,1191.74,1174.18,1182.47,False,False,False,False
2021-02-24,1614124800,1182.76,1192.04,1161.13,1167.18,False,False,False,False
2021-02-25,1614211200,1168.22,1175.19,1158.06,1169.82,False,False,False,False
2021-02-26,1614297600,1169.37,1175.4,1153.41,1173.6,False,False,False,False
2021-03-01,1614556800,1173.72,1192.85,1173.72,1191.83,False,False,False,False
2021-03-02,1614643200,1192.6,1203.84,1188.01,1194.71,False,False,False,False
2021-03-03,1614729600,1194.78,1198.36,1189.14,1195.6,False,False,False,False
2021-03-04,1614816000,1195.62,1200.42,1164.63,1174.29,False,False,False,False
2021-03-05,1614902400,1174.36,1174.8,1157.45,1173.83,False,False,False,False
2021-03-08,1615161600,1175.19,1186.29,1164.78,1170.0,False,False,False,False
2021-03-09,1615248000,1169.89,1169.89,1150.18,1163.0,False,False,False,False
2021-03-10,1615334400,1163.43,1173.58,1154.29,1172.26,False,False,False,False
2021-03-11,1615420800,1172.94,1190.47,1172.94,1188.71,False,False,False,False
2021-03-12,1615507200,1188.74,1193.97,1184.64,1187.81,False,False,False,False
2021-03-15,1615766400,1187.84,1194.29,1184.32,1190.86,False,False,False,False
2021-03-16,1615852800,1191.08,1192.15,1177.05,1187.84,False,False,False,False
2021-03-17,1615939200,1188.31,1193.45,1183.83,1193.45,False,False,False,False
2021-03-18,1616025600,1193.71,1211.54,1193.71,1211.54,False,False,False,False
2021-03-19,1616112000,1211.08,1211.08,1201.17,1203.36,False,False,False,False
2021-03-22,1616371200,1204.0,1207.28,1194.79,1198.54,False,False,False,False
2021-03-23,1616457600,1198.49,1198.49,1182.22,1186.98,False,False,False,False
2021-03-24,1616544000,1186.04,1186.04,1157.69,1165.61,False,False,False,False
2021-03-25,1616630400,1165.8,1175.86,1159.25,1164.64,False,False,False,False
2021-03-26,1616716800,1164.38,1170.75,1143.08,1167.19,False,False,False,False
2021-03-29,1616976000,1167.3,1182.06,1167.3,1180.07,False,False,False,False
2021-03-30,1617062400,1180.21,1192.9,1175.9,1190.86,False,False,False,False
2021-03-31,1617148800,1190.96,1203.18,1189.47,1196.24,False,False,False,False
2021-04-01,1617235200,1196.62,1227.56,1196.39,1226.16,False,False,False,False
2021-04-02,1617321600,1226.84,1243.67,1226.84,1238.03,False,False,False,False
2021-04-05,1617580800,1240.24,1256.12,1240.24,1249.9,False,False,False,False
2021-04-06,1617667200,1248.43,1260.35,1245.16,1255.36,False,False,False,False
2021-04-07,1617753600,1255.35,1257.77,1248.15,1257.77,False,False,False,False
2021-04-08,1617840000,1257.75,1263.03,1249.45,1251.81,False,False,False,False
2021-04-09,1617926400,1251.71,1256.06,1245.26,1253.26,False,False,False,False
2021-04-12,1618185600,1254.39,1279.52,1254.39,1278.19,False,False,False,False
2021-04-13,1618272000,1278.31,1298.78,1276.74,1277.35,False,False,False,False
2021-04-14,1618358400,1277.31,1290.77,1263.89,1290.77,False,False,False,False
2021-04-15,1618444800,1291.83,1300.84,1283.98,1284.2,False,False,False,False
2021-04-16,1618531200,1283.18,1291.37,1262.52,1276.87,False,False,False,False
2021-04-19,1618790400,1277.11,1306.22,1271.52,1306.22,False,False,False,False
2021-04-20,1618876800,1308.03,1331.56,1303.68,1312.68,False,False,False,False
2021-04-22,1619049600,1312.33,1317.5,1271.53,1271.53,False,False,False,False
2021-04-23,1619136000,1271.52,1301.39,1262.89,1301.39,False,False,False,False
2021-04-26,1619395200,1301.84,1305.73,1269.78,1275.04,False,False,False,False
2021-04-27,1619481600,1274.32,1283.95,1264.57,1283.81,False,False,False,False
2021-04-28,1619568000,1283.12,1296.48,1280.54,1294.06,False,False,False,False
2021-04-29,1619654400,1294.79,1312.62,1294.79,1312.28,False,False,False,False
2021-05-04,1620086400,1312.08,1329.18,1285.9,1328.03,False,False,False,False
2021-05-05,1620172800,1328.47,1360.76,1328.47,1346.89,False,False,False,False
2021-05-06,1620259200,1346.93,1352.57,1337.28,1344.64,False,False,False,False
2021-05-07,1620345600,1344.09,1347.8,1329.51,1340.73,False,False,False,False
2021-05-10,1620604800,1339.75,1371.51,1335.39,1370.66,False,False,False,False
2021-05-11,1620691200,1370.71,1382.06,1359.19,1359.19,False,False,False,False
2021-05-12,1620777600,1358.59,1380.23,1350.8,1380.17,False,False,False,False
2021-05-13,1620864000,1379.19,1385.72,1370.18,1370.18,False,False,False,False
2021-05-14,1620950400,1370.14,1386.09,1370.14,1380.02,False,False,False,False
2021-05-17,1621209600,1381.13,1391.89,1371.22,1371.36,False,False,False,False
2021-05-18,1621296000,1371.75,1381.36,1367.85,1378.59,False,False,False,False
2021-05-19,1621382400,1378.97,1402.45,1378.43,1401.71,False,False,False,False
2021-05-20,1621468800,1402.31,1424.92,1396.23,1424.92,False,False,False,False
2021-05-21,1621555200,1424.77,1433.01,1412.78,1425.04,False,False,False,False
2021-05-24,1621814400,1425.11,1433.59,1421.17,1430.48,False,False,False,False
2021-05-25,1621900800,1428.42,1445.6,1427.56,1444.01,False,False,False,False
2021-05-26,1621987200,1443.93,1456.55,1440.6,1455.11,False,False,False,False
2021-05-27,1622073600,1455.48,1457.46,1433.76,1437.38,False,False,False,False
2021-05-28,1622160000,1437.74,1460.68,1433.55,1458.78,False,False,False,False
2021-05-31,1622419200,1459.04,1475.09,1449.66,1474.78,False,False,False,False
2021-06-01,1622505600,1473.28,1496.55,1473.28,1482.92,False,False,False,False
2021-06-02,1622592000,1483.53,1488.93,1469.49,1478.85,False,False,False,False
2021-06-03,1622678400,1479.75,1506.27,1479.75,1504.37,False,False,False,False
2021-06-04,1622764800,1504.18,1509.38,1496.36,1508.35,False,False,False,False
2021-06-07,1623024000,1508.08,1508.65,1472.1,1484.1,False,False,False,False
2021-06-08,1623110400,1481.88,1493.36,1436.72,1438.97,False,False,False,False
2021-06-09,1623196800,1438.47,1465.93,1426.04,1457.76,False,False,False,False
2021-06-10,1623283200,1457.17,1464.4,1443.74,1451.18,False,False,False,False
2021-06-11,1623369600,1451.43,1489.95,1448.46,1487.61,False,False,False,False
2021-06-14,1623628800,1488.88,1504.32,1483.82,1495.51,False,False,False,False
2021-06-15,1623715200,1493.52,1498.75,1481.03,1487.04,False,False,False,False
2021-06-16,1623801600,1486.76,1487.68,1462.99,1465.58,False,False,False,False
2021-06-17,1623888000,1463.98,1469.44,1445.39,1461.91,False,False,False,False
2021-06-18,1623974400,1461.96,1484.89,1461.96,1481.3,False,False,False,False
2021-06-21,1624233600,1481.15,1486.12,1473.11,1478.29,False,False,False,False
2021-06-22,1624320000,1481.13,1498.12,1481.13,1489.24,False,False,False,False
2021-06-23,1624406400,1489.27,1502.79,1485.13,1489.53,False,False,False,False
2021-06-24,1624492800,1489.51,1497.92,1482.38,1486.96,False,False,False,False
2021-06-25,1624579200,1486.99,1500.94,1480.64,1500.3,False,False,False,False
2021-06-28,1624838400,1502.02,1523.58,1502.02,1521.41,False,False,False,False
2021-06-29,1624924800,1521.51,1536.96,1521.51,1529.97,False,False,False,False
2021-06-30,1625011200,1530.33,1540.9,1528.1,1529.0,False,False,False,False
2021-07-01,1625097600,1529.09,1545.14,1525.24,1545.14,False,False,False,False
2021-07-02,1625184000,1546.54,1558.45,1546.54,1554.59,False,False,False,False
2021-07-05,1625443200,1554.59,1560.44,1533.18,1557.41,False,False,False,False
2021-07-06,1625529600,1557.92,1565.29,1488.42,1488.42,False,False,False,False
2021-07-07,1625616000,1501.44,1538.77,1472.81,1538.77,False,False,False,False
2021-07-08,1625702400,1530.4,1536.51,1509.9,1521.21,False,False,False,False
2021-07-09,1625788800,1510.0,1526.35,1480.6,1494.43,False,False,False,False
2021-07-12,1626048000,1488.29,1495.92,1406.14,1443.1,False,False,False,False
2021-07-13,1626134400,1454.56,1457.05,1419.09,1440.87,False,False,False,False
2021-07-14,1626220800,1442.2,1446.13,1395.16,1410.3,False,False,False,False
2021-07-15,1626307200,1402.67,1441.57,1402.36,1430.29,False,False,False,False
2021-07-16,1626393600,1439.96,1446.36,1433.16,1438.05,False,False,False,False
2021-07-19,1626652800,1403.96,1413.24,1367.61,1374.15,False,False,False,False
2021-07-20,1626739200,1379.41,1411.02,1357.31,1411.02,False,False,False,False
2021-07-21,1626825600,1415.71,1422.8,1402.42,1406.54,False,False,False,False
2021-07-22,1626912000,1404.49,1432.43,1400.2,1428.48,False,False,False,False
2021-07-23,1626998400,1422.07,1430.43,1401.53,1401.53,False,False,False,False
2021-07-26,1627257600,1397.01,1409.94,1384.87,1403.96,False,False,False,False
2021-07-27,1627344000,1415.5,1423.3,1408.8,1409.85,False,False,False,False
2021-07-28,1627430400,1406.25,1415.39,1402.6,1407.5,False,False,False,False
2021-07-29,1627516800,1419.55,1427.55,1413.59,1427.55,False,False,False,False
2021-07-30,1627603200,1430.48,1451.45,1428.85,1447.23,False,False,False,False
2021-08-02,1627862400,1443.6,1457.89,1438.35,1448.21,False,False,False,False
2021-08-03,1627948800,1449.97,1469.87,1449.33,1469.87,False,False,False,False
2021-08-04,1628035200,1476.82,1480.28,1465.66,1472.2,False,False,False,False
2021-08-05,1628121600,1469.13,1488.79,1465.1,1486.46,False,False,False,False
2021-08-06,1628208000,1488.11,1491.52,1476.79,1476.79,False,False,False,False
2021-08-09,1628467200,1472.78,1499.9,1467.32,1497.83,False,False,False,False
2021-08-10,1628553600,1506.5,1508.92,1490.0,1494.41,False,False,False,False
2021-08-11,1628640000,1497.13,1506.8,1487.91,1487.91,False,False,False,False
2021-08-12,1628726400,1487.1,1493.69,1477.06,1477.06,False,False,False,False
2021-08-13,1628812800,1477.72,1484.67,1463.48,1484.25,False,False,False,False
2021-08-16,1629072000,1490.7,1504.03,1487.52,1500.77,False,False,False,False
2021-08-17,1629158400,1508.41,1512.27,1488.74,1494.12,False,False,False,False
2021-08-18,1629244800,1493.12,1500.17,1484.26,1489.54,False,False,False,False
2021-08-19,1629331200,1489.74,1505.01,1479.6,1505.01,False,False,False,False
2021-08-20,1629417600,1495.67,1497.03,1436.24,1450.45,False,False,False,False
2021-08-23,1629676800,1443.67,1446.73,1412.0,1412.0,False,False,False,False
2021-08-24,1629763200,1415.71,1423.46,1406.94,1418.26,False,False,False,False
2021-08-25,1629849600,1420.74,1430.58,1411.07,1428.51,False,False,False,False
2021-08-26,1629936000,1432.37,1433.67,1408.08,1412.45,False,False,False,False
2021-08-27,1630022400,1403.99,1418.57,1391.88,1418.57,False,False,False,False
2021-08-30,1630281600,1427.48,1434.25,1420.77,1431.05,False,False,False,False
2021-08-31,1630368000,1435.52,1437.38,1425.71,1428.66,False,False,False,False
2021-09-01,1630454400,1425.35,1434.73,1423.08,1426.94,False,False,False,False
2021-09-06,1630886400,1433.03,1441.92,1429.55,1441.54,False,False,False,False
2021-09-07,1630972800,1446.0,1454.82,1441.69,1444.1,False,False,False,False
2021-09-08,1631059200,1447.43,1448.44,1431.38,1433.71,False,False,False,False
2021-09-09,1631145600,1432.84,1449.16,1431.55,1447.28,False,False,False,False
2021-09-10,1631232000,1451.78,1453.81,1447.44,1448.33,False,False,False,False
2021-09-13,1631491200,1450.0,1454.72,1444.71,1444.99,False,False,False,False
2021-09-14,1631577600,1444.24,1448.71,1436.98,1438.16,False,False,False,False
2021-09-15,1631664000,1433.17,1447.64,1432.76,1444.85,False,False,False,False
2021-09-16,1631750400,1452.89,1454.23,1442.77,1448.98,False,False,False,False
2021-09-17,1631836800,1452.31,1459.94,1451.38,1455.59,False,False,False,False
2021-09-20,1632096000,1468.11,1474.66,1454.95,1458.66,False,False,False,False
2021-09-21,1632182400,1444.75,1455.71,1433.77,1446.22,False,False,False,False
2021-09-22,1632268800,1449.44,1454.19,1440.02,1453.22,False,False,False,False
2021-09-23,1632355200,1456.46,1466.0,1453.02,1458.23,False,False,False,False
2021-09-24,1632441600,1460.63,1464.12,1456.89,1459.94,False,False,False,False
2021-09-27,1632700800,1462.86,1464.5,1439.2,1439.2,False,False,False,False
2021-09-28,1632787200,1433.7,1454.79,1430.89,1451.12,False,False,False,False
2021-09-29,1632873600,1450.73,1453.66,1440.55,1450.52,False,False,False,False
2021-09-30,1632960000,1452.76,1461.94,1452.55,1453.76,False,False,False,False
2021-10-01,1633046400,1450.9,1453.24,1438.52,1441.83,False,False,False,False
2021-10-04,1633305600,1442.87,1446.78,1433.05,1443.61,False,False,False,False
2021-10-05,1633392000,1446.77,1456.37,1444.49,1456.21,False,False,False,False
2021-10-06,1633478400,1461.98,1461.98,1453.78,1461.72,False,False,False,False
2021-10-07,1633564800,1467.95,1470.64,1460.87,1462.74,False,False,False,False
2021-10-08,1633651200,1466.78,1476.54,1463.07,1476.54,False,False,False,False
2021-10-11,1633910400,1481.29,1511.21,1480.31,1510.27,False,False,False,False
2021-10-12,1633996800,1514.78,1517.21,1504.24,1509.57,False,False,False,False
2021-10-13,1634083200,1512.73,1519.11,1502.19,1505.55,False,False,False,False
2021-10-14,1634169600,1504.85,1511.14,1498.21,1503.38,False,False,False,False
2021-10-15,1634256000,1508.37,1512.61,1499.7,1504.84,False,False,False,False
2021-10-18,1634515200,1508.88,1517.7,1505.39,1510.49,False,False,False,False
2021-10-19,1634601600,1512.1,1513.83,1503.89,1507.19,False,False,False,False
2021-10-20,1634688000,1507.19,1516.74,1486.26,1505.03,False,False,False,False
2021-10-21,1634774400,1509.05,1510.2,1489.26,1489.26,False,False,False,False
2021-10-22,1634860800,1495.32,1498.25,1486.57,1488.71,False,False,False,False
2021-10-25,1635120000,1492.35,1492.35,1476.97,1476.97,False,False,False,False
2021-10-26,1635206400,1474.36,1483.65,1467.02,1482.62,False,False,False,False
2021-10-27,1635292800,1487.45,1516.46,1485.12,1516.46,False,False,False,False
2021-10-28,1635379200,1522.11,1530.77,1513.12,1529.26,False,False,False,False
2021-10-29,1635465600,1529.42,1534.51,1521.04,1532.35,False,False,False,False
2021-11-01,1635724800,1534.17,1534.88,1513.98,1516.75,False,False,False,False
2021-11-02,1635811200,1514.91,1522.9,1514.75,1521.35,False,False,False,False
2021-11-03,1635897600,1526.38,1537.59,1519.39,1530.65,False,False,False,False
2021-11-04,1635984000,1531.92,1535.9,1524.54,1528.21,False,False,False,False
2021-11-05,1636070400,1531.06,1536.47,1523.16,1531.76,False,False,False,False
2021-11-08,1636329600,1535.12,1541.83,1528.71,1535.66,False,False,False,False
2021-11-09,1636416000,1539.25,1542.75,1524.36,1527.13,False,False,False,False
2021-11-10,1636502400,1530.69,1531.7,1518.89,1523.79,False,False,False,False
2021-11-11,1636588800,1524.73,1526.72,1503.77,1514.36,False,False,False,False
2021-11-12,1636675200,1514.96,1529.47,1504.52,1527.94,False,False,False,False
2021-11-15,1636934400,1534.16,1534.44,1521.94,1528.68,False,False,False,False
2021-11-16,1637020800,1527.11,1530.32,1513.5,1517.22,False,False,False,False
2021-11-17,1637107200,1517.67,1522.5,1513.65,1519.58,False,False,False,False
2021-11-18,1637193600,1522.39,1523.19,1503.42,1503.42,False,False,False,False
2021-11-19,1637280000,1507.45,1521.63,1486.59,1500.05,False,False,False,False
2021-11-22,1637539200,1503.19,1530.43,1502.25,1517.04,False,False,False,False
2021-11-23,1637625600,1518.39,1533.12,1513.23,1533.12,False,False,False,False
2021-11-24,1637712000,1534.87,1567.77,1530.61,1565.29,False,False,False,False
2021-11-25,1637798400,1573.29,1579.56,1567.67,1572.46,False,False,False,False
2021-11-26,1637884800,1576.52,1587.0,1564.39,1566.55,False,False,False,False
2021-11-29,1638144000,1541.22,1558.86,1541.22,1553.04,False,False,False,False
2021-11-30,1638230400,1567.44,1568.09,1531.82,1537.59,False,False,False,False
2021-12-01,1638316800,1536.67,1549.81,1531.2,1549.81,False,False,False,False
2021-12-02,1638403200,1553.21,1555.49,1540.88,1540.88,False,False,False,False
2021-12-03,1638489600,1550.81,1551.97,1503.98,1503.98,False,False,False,False
2021-12-06,1638748800,1507.45,1515.47,1464.91,1480.92,False,False,False,False
2021-12-07,1638835200,1493.07,1512.62,1488.13,1512.62,False,False,False,False
2021-12-08,1638921600,1515.59,1523.95,1508.69,1516.16,False,False,False,False
2021-12-09,1639008000,1509.4,1529.61,1509.4,1529.61,False,False,False,False
2021-12-10,1639094400,1528.17,1533.23,1517.59,1519.46,False,False,False,False
2021-12-13,1639353600,1523.74,1526.53,1517.98,1520.8,False,False,False,False
2021-12-14,1639440000,1518.39,1529.93,1513.14,1516.44,False,False,False,False
2021-12-15,1639526400,1516.91,1525.14,1512.05,1519.42,False,False,False,False
2021-12-16,1639612800,1526.63,1526.75,1501.41,1510.17,False,False,False,False
2021-12-17,1639699200,1513.36,1520.97,1511.19,1513.56,False,False,False,False
2021-12-20,1639958400,1519.69,1521.62,1509.54,1513.6,False,False,False,False
2021-12-21,1640044800,1512.01,1517.69,1507.89,1511.48,False,False,False,False
2021-12-22,1640131200,1514.98,1519.74,1498.96,1504.12,False,False,False,False
2021-12-23,1640217600,1504.61,1506.43,1470.94,1477.37,False,False,False,False
2021-12-24,1640304000,1484.51,1507.48,1481.37,1506.67,False,False,False,False
2021-12-27,1640563200,1515.24,1517.45,1500.31,1514.55,False,False,False,False
2021-12-28,1640649600,1518.56,1523.54,1509.58,1523.54,False,False,False,False
2021-12-29,1640736000,1525.82,1528.9,1515.94,1515.94,False,False,False,False
2021-12-30,1640822400,1515.75,1526.2,1515.75,1519.62,False,False,False,False
2021-12-31,1640908800,1523.58,1537.32,1523.41,1535.71,False,False,False,False
2022-01-04,1641254400,1536.45,1562.54,1536.45,1558.87,False,False,False,False
2022-01-05,1641340800,1559.33,1562.93,1546.01,1546.01,False,False,False,False
2022-01-06,1641427200,1542.34,1554.97,1541.19,1544.95,False,False,False,False
2022-01-07,1641513600,1548.77,1550.47,1532.24,1532.24,False,False,False,False
2022-01-10,1641772800,1531.13,1537.71,1514.7,1514.7,False,False,False,False
2022-01-11,1641859200,1516.74,1519.84,1497.78,1499.74,False,False,False,False
2022-01-12,1641945600,1498.63,1530.04,1484.93,1530.04,False,False,False,False
2022-01-13,1642032000,1533.38,1548.49,1524.66,1526.43,False,False,False,False
2022-01-14,1642118400,1523.96,1530.2,1513.17,1523.57,False,False,False,False
2022-01-17,1642377600,1523.17,1529.28,1478.61,1478.61,False,False,False,False
2022-01-18,1642464000,1473.04,1489.13,1464.41,1477.06,False,False,False,False
2022-01-19,1642550400,1479.74,1491.0,1475.06,1482.55,False,False,False,False
2022-01-20,1642636800,1479.81,1499.47,1474.67,1492.81,False,False,False,False
2022-01-21,1642723200,1497.61,1508.65,1492.21,1502.16,False,False,False,False
2022-01-24,1642982400,1496.36,1499.22,1465.76,1471.31,False,False,False,False
2022-01-25,1643068800,1471.56,1516.16,1466.07,1516.16,False,False,False,False
2022-01-26,1643155200,1519.9,1533.61,1516.96,1525.31,False,False,False,False
2022-01-27,1643241600,1520.82,1528.81,1507.26,1516.57,False,False,False,False
2022-01-28,1643328000,1516.4,1535.57,1515.85,1532.24,False,False,False,False
2022-02-07,1644192000,1548.38,1555.01,1541.25,1541.25,False,False,False,False
2022-02-08,1644278400,1539.49,1555.01,1537.16,1550.46,False,False,False,False
2022-02-09,1644364800,1554.59,1570.32,1552.44,1552.44,False,False,False,False
2022-02-10,1644451200,1554.98,1557.89,1536.02,1548.95,False,False,False,False
2022-02-11,1644537600,1544.76,1549.37,1540.5,1545.92,False,False,False,False
2022-02-14,1644796800,1530.5,1536.77,1505.07,1505.07,False,False,False,False
2022-02-15,1644883200,1508.25,1530.04,1506.69,1527.36,False,False,False,False
2022-02-16,1644969600,1534.39,1534.5,1517.52,1521.47,False,False,False,False
2022-02-17,1645056000,1521.37,1540.51,1521.37,1540.51,False,False,False,False
2022-02-18,1645142400,1525.21,1533.53,1523.88,1531.47,False,False,False,False
2022-02-21,1645401600,1530.65,1537.56,1522.48,1533.4,False,False,False,False
2022-02-22,1645488000,1532.07,1532.36,1510.07,1532.36,False,False,False,False
2022-02-23,1645574400,1536.6,1547.19,1534.19,1538.83,False,False,False,False
2022-02-24,1645660800,1537.5,1540.13,1503.22,1522.04,False,False,False,False
2022-02-25,1645747200,1531.97,1540.13,1526.5,1526.5,False,False,False,False
2022-02-28,1646006400,1525.58,1533.32,1512.45,1517.18,False,False,False,False
2022-03-01,1646092800,1521.44,1525.0,1515.49,1520.12,False,False,False,False
2022-03-02,1646179200,1516.31,1517.49,1495.16,1498.61,False,False,False,False
2022-03-03,1646265600,1507.53,1522.49,1502.41,1522.49,False,False,False,False
2022-03-04,1646352000,1525.23,1529.93,1519.97,1525.34,False,False,False,False
2022-03-07,1646611200,1514.76,1518.32,1505.79,1509.12,False,False,False,False
2022-03-08,1646697600,1500.07,1506.65,1486.68,1490.17,False,False,False,False
2022-03-09,1646784000,1493.96,1497.75,1485.15,1489.25,False,False,False,False
2022-03-10,1646870400,1491.9,1505.5,1490.24,1490.24,False,False,False,False
2022-03-11,1646956800,1487.92,1490.83,1469.22,1477.14,False,False,False,False
2022-03-14,1647216000,1471.44,1473.98,1454.34,1461.1,False,False,False,False
2022-03-15,1647302400,1461.4,1469.52,1455.16,1468.89,False,False,False,False
2022-03-16,1647388800,1475.17,1478.42,1467.95,1472.69,False,False,False,False
2022-03-17,1647475200,1480.32,1480.86,1469.92,1469.92,False,False,False,False
2022-03-18,1647561600,1474.02,1482.96,1474.02,1476.94,False,False,False,False
2022-03-21,1647820800,1480.29,1502.67,1480.29,1502.67,False,False,False,False
2022-03-22,1647907200,1507.38,1516.7,1506.1,1513.4,False,False,False,False
2022-03-23,1647993600,1514.61,1519.58,1505.59,1505.59,False,False,False,False
2022-03-24,1648080000,1506.49,1506.79,1496.96,1497.44,False,False,False,False
2022-03-25,1648166400,1499.34,1503.18,1494.28,1498.36,False,False,False,False
2022-03-28,1648425600,1493.12,1497.06,1477.72,1484.16,False,False,False,False
2022-03-29,1648512000,1484.95,1501.05,1484.95,1500.57,False,False,False,False
2022-03-30,1648598400,1497.98,1513.91,1496.59,1500.23,False,False,False,False
2022-03-31,1648684800,1502.38,1512.47,1500.67,1508.53,False,False,False,False
2022-04-01,1648771200,1509.01,1542.47,1506.11,1542.47,False,False,False,False
2022-04-04,1649030400,1558.21,1558.98,1546.46,1548.04,False,False,False,False
2022-04-05,1649116800,1544.34,1549.77,1539.2,1539.2,False,False,False,False
2022-04-06,1649203200,1534.23,1558.41,1529.23,1557.11,False,False,False,False
2022-04-07,1649289600,1561.14,1566.09,1541.96,1541.96,False,False,False,False
2022-04-08,1649376000,1541.78,1547.6,1524.31,1524.31,False,False,False,False
2022-04-12,1649721600,1530.3,1532.03,1506.41,1507.2,False,False,False,False
2022-04-13,1649808000,1512.37,1526.44,1506.45,1525.39,False,False,False,False
2022-04-14,1649894400,1526.49,1534.28,1517.07,1518.01,False,False,False,False
2022-04-15,1649980800,1514.89,1518.85,1491.26,1493.74,False,False,False,False
2022-04-18,1650240000,1493.17,1493.24,1466.73,1468.25,False,False,False,False
2022-04-19,1650326400,1471.63,1478.5,1440.61,1440.61,False,False,False,False
2022-04-20,1650412800,1440.9,1453.81,1434.87,1435.5,False,False,False,False
2022-04-21,1650499200,1434.77,1452.41,1422.7,1426.87,False,False,False,False
2022-04-22,1650585600,1439.32,1455.15,1419.05,1444.32,False,False,False,False
2022-04-25,1650844800,1444.79,1445.62,1356.36,1366.39,False,False,False,False
2022-04-26,1650931200,1347.83,1397.43,1318.5,1396.9,False,False,False,False
2022-04-27,1651017600,1394.85,1407.7,1362.87,1402.03,False,False,False,False
2022-04-28,1651104000,1400.6,1407.82,1392.24,1400.88,False,False,False,False
2022-04-29,1651190400,1397.8,1417.31,1394.17,1417.31,False,False,False,False
2022-05-04,1651622400,1415.43,1415.45,1389.59,1389.59,False,False,False,False
2022-05-05,1651708800,1402.6,1405.43,1373.42,1404.88,False,False,False,False
2022-05-06,1651795200,1399.54,1399.54,1371.0,1373.21,False,False,False,False
2022-05-09,1652054400,1358.56,1360.64,1308.34,1314.04,False,False,False,False
2022-05-10,1652140800,1312.1,1345.46,1285.67,1345.46,False,False,False,False
2022-05-11,1652227200,1344.14,1355.11,1324.2,1349.82,False,False,False,False
2022-05-12,1652313600,1337.01,1339.25,1279.48,1279.76,False,False,False,False
2022-05-13,1652400000,1281.28,1284.94,1219.52,1223.76,False,False,False,False
2022-05-16,1652659200,1254.88,1258.25,1214.29,1215.08,False,False,False,False
2022-05-17,1652745600,1211.88,1279.55,1203.51,1279.55,False,False,False,False
2022-05-18,1652832000,1289.5,1298.69,1268.13,1286.41,False,False,False,False
2022-05-19,1652918400,1259.59,1291.49,1255.63,1283.55,False,False,False,False
2022-05-20,1653004800,1284.89,1296.0,1273.4,1282.51,False,False,False,False
2022-05-23,1653264000,1287.49,1287.65,1245.41,1255.35,False,False,False,False
2022-05-24,1653350400,1255.77,1272.71,1242.36,1272.71,False,False,False,False
2022-05-25,1653436800,1277.54,1311.32,1273.29,1310.7,False,False,False,False
2022-05-26,1653523200,1312.56,1319.21,1304.59,1309.5,False,False,False,False
2022-05-27,1653609600,1311.78,1336.99,1310.64,1335.68,False,False,False,False
2022-05-30,1653868800,1337.39,1342.87,1329.38,1342.87,False,False,False,False
2022-05-31,1653955200,1342.08,1342.08,1324.46,1332.59,False,False,False,False
2022-06-01,1654041600,1329.02,1341.47,1323.07,1335.49,False,False,False,False
2022-06-02,1654128000,1339.12,1342.47,1319.85,1325.49,False,False,False,False
2022-06-03,1654214400,1322.45,1329.9,1313.4,1327.4,False,False,False,False
2022-06-06,1654473600,1328.73,1336.96,1320.97,1327.04,False,False,False,False
2022-06-07,1654560000,1323.19,1324.37,1297.98,1324.37,False,False,False,False
2022-06-08,1654646400,1328.95,1348.4,1325.65,1342.03,False,False,False,False
2022-06-09,1654732800,1344.56,1346.13,1335.28,1342.92,False,False,False,False
2022-06-10,1654819200,1332.93,1344.85,1325.69,1325.69,False,False,False,False
2022-06-13,1655078400,1295.26,1300.45,1260.85,1260.85,False,False,False,False
2022-06-14,1655164800,1247.39,1271.28,1245.26,1261.16,False,False,False,False
2022-06-15,1655251200,1263.96,1268.33,1231.12,1253.09,False,False,False,False
2022-06-16,1655337600,1266.87,1292.02,1263.56,1280.37,False,False,False,False
2022-06-17,1655424000,1254.05,1259.39,1229.74,1258.03,False,False,False,False
2022-06-20,1655683200,1258.3,1262.83,1223.03,1225.56,False,False,False,False
2022-06-21,1655769600,1220.76,1240.8,1212.69,1224.54,False,False,False,False
2022-06-22,1655856000,1233.28,1242.06,1222.86,1227.18,False,False,False,False
2022-06-23,1655942400,1227.18,1240.58,1219.08,1240.58,False,False,False,False
2022-06-24,1656028800,1239.54,1246.22,1234.72,1235.47,False,False,False,False
2022-06-27,1656288000,1238.23,1256.67,1237.79,1256.67,False,False,False,False
2022-06-28,1656374400,1254.35,1276.21,1249.57,1273.41,False,False,False,False
2022-06-29,1656460800,1259.83,1274.73,1259.41,1273.4,False,False,False,False
2022-06-30,1656547200,1273.99,1276.23,1248.92,1248.92,False,False,False,False
2022-07-01,1656633600,1247.7,1255.67,1225.64,1252.24,False,False,False,False
2022-07-04,1656892800,1256.2,1260.72,1244.5,1248.37,False,False,False,False
2022-07-05,1656979200,1252.48,1256.47,1239.8,1242.05,False,False,False,False
2022-07-06,1657065600,1241.19,1241.19,1211.94,1211.94,False,False,False,False
2022-07-07,1657152000,1212.36,1229.23,1209.97,1229.23,False,False,False,False
2022-07-08,1657238400,1235.65,1236.85,1225.04,1231.54,False,False,False,False
2022-07-11,1657497600,1224.2,1224.2,1200.15,1209.02,False,False,False,False
2022-07-12,1657584000,1208.06,1219.44,1204.84,1219.44,False,False,False,False
2022-07-13,1657670400,1216.83,1225.85,1213.41,1216.94,False,False,False,False
2022-07-14,1657756800,1213.73,1224.01,1211.14,1221.94,False,False,False,False
2022-07-15,1657843200,1224.15,1228.48,1217.21,1220.14,False,False,False,False
2022-07-18,1658102400,1225.4,1225.69,1213.28,1214.28,False,False,False,False
2022-07-19,1658188800,1213.55,1213.64,1204.61,1211.7,False,False,False,False
2022-07-20,1658275200,1220.25,1229.62,1217.45,1225.62,False,False,False,False
2022-07-21,1658361600,1227.31,1240.91,1226.88,1235.25,False,False,False,False
2022-07-22,1658448000,1238.46,1241.65,1228.84,1228.84,False,False,False,False
2022-07-25,1658707200,1228.11,1231.84,1219.61,1222.6,False,False,False,False
2022-07-26,1658793600,1221.43,1227.1,1218.11,1218.49,False,False,False,False
2022-07-27,1658880000,1218.13,1219.43,1211.42,1219.43,False,False,False,False
2022-07-28,1658966400,1228.73,1240.65,1226.95,1236.14,False,False,False,False
2022-07-29,1659052800,1243.17,1243.17,1232.0,1232.0,False,False,False,False
2022-08-01,1659312000,1233.85,1256.25,1233.64,1256.25,False,False,False,False
2022-08-02,1659398400,1256.32,1266.14,1248.97,1265.97,False,False,False,False
2022-08-03,1659484800,1259.26,1271.39,1256.39,1269.83,False,False,False,False
2022-08-04,1659571200,1273.71,1281.46,1270.66,1277.73,False,False,False,False
2022-08-05,1659657600,1274.48,1276.19,1265.93,1272.06,False,False,False,False
2022-08-08,1659916800,1270.27,1280.13,1270.13,1276.7,False,False,False,False
2022-08-09,1660003200,1281.38,1285.52,1275.12,1281.44,False,False,False,False
2022-08-10,1660089600,1279.58,1283.06,1276.07,1277.15,False,False,False,False
2022-08-11,1660176000,1282.09,1289.29,1267.04,1272.33,False,False,False,False
2022-08-12,1660262400,1271.39,1280.96,1267.14,1280.96,False,False,False,False
2022-08-15,1660521600,1287.13,1294.11,1285.02,1293.79,False,False,False,False
2022-08-16,1660608000,1293.72,1297.38,1290.52,1295.1,False,False,False,False
2022-08-17,1660694400,1297.25,1304.49,1296.58,1300.4,False,False,False,False
2022-08-18,1660780800,1299.09,1311.73,1295.54,1299.93,False,False,False,False
2022-08-19,1660867200,1297.97,1303.73,1289.57,1294.93,False,False,False,False
2022-08-22,1661126400,1294.78,1295.69,1281.96,1285.45,False,False,False,False
2022-08-23,1661212800,1276.09,1292.0,1275.57,1292.0,False,False,False,False
2022-08-24,1661299200,1295.07,1300.4,1291.96,1296.41,False,False,False,False
2022-08-25,1661385600,1299.26,1311.55,1299.26,1311.55,False,False,False,False
2022-08-26,1661472000,1314.73,1320.16,1304.68,1306.81,False,False,False,False
2022-08-29,1661731200,1296.03,1296.03,1275.4,1293.25,False,False,False,False
2022-08-30,1661817600,1293.41,1307.12,1293.41,1298.14,False,False,False,False
2022-08-31,1661904000,1295.71,1306.45,1294.34,1301.44,False,False,False,False
2022-09-05,1662336000,1300.5,1305.62,1294.44,1298.15,False,False,False,False
2022-09-06,1662422400,1298.74,1305.9,1296.58,1299.06,False,False,False,False
2022-09-07,1662508800,1297.31,1298.17,1268.95,1268.95,False,False,False,False
2022-09-08,1662595200,1277.63,1279.34,1265.57,1265.57,False,False,False,False
2022-09-09,1662681600,1273.37,1275.64,1259.35,1275.64,False,False,False,False
2022-09-12,1662940800,1281.62,1285.17,1275.45,1275.6,False,False,False,False
2022-09-13,1663027200,1277.48,1279.55,1271.22,1272.48,False,False,False,False
2022-09-14,1663113600,1254.44,1262.8,1250.98,1260.88,False,False,False,False
2022-09-15,1663200000,1267.24,1269.54,1260.51,1262.82,False,False,False,False
2022-09-16,1663286400,1259.9,1263.97,1248.13,1252.78,False,False,False,False
2022-09-19,1663545600,1251.43,1253.45,1225.18,1229.88,False,False,False,False
2022-09-20,1663632000,1235.93,1241.07,1224.96,1241.07,False,False,False,False
2022-09-21,1663718400,1235.84,1236.05,1223.02,1228.2,False,False,False,False
2022-09-22,1663804800,1217.63,1229.26,1210.65,1228.94,False,False,False,False
2022-09-23,1663891200,1227.34,1230.72,1213.74,1215.41,False,False,False,False
2022-09-26,1664150400,1199.39,1201.89,1172.37,1187.22,False,False,False,False
2022-09-27,1664236800,1190.46,1193.79,1181.43,1182.46,False,False,False,False
2022-09-28,1664323200,1173.82,1177.58,1160.66,1160.66,False,False,False,False
2022-09-29,1664409600,1166.59,1177.21,1147.44,1147.44,False,False,False,False
2022-09-30,1664496000,1140.18,1158.2,1128.57,1152.01,False,False,False,False
2022-10-03,1664755200,1141.87,1144.95,1094.49,1102.0,False,False,False,False
2022-10-04,1664841600,1113.8,1117.87,1088.41,1097.72,False,False,False,False
2022-10-05,1664928000,1114.6,1128.94,1112.26,1117.38,False,False,False,False
2022-10-06,1665014400,1117.7,1119.76,1079.75,1081.36,False,False,False,False
2022-10-07,1665100800,1064.72,1067.03,1027.64,1039.54,False,False,False,False
2022-10-10,1665360000,1025.48,1052.24,1011.44,1038.93,False,False,False,False
2022-10-11,1665446400,1031.12,1031.12,987.27,1001.68,False,False,False,False
2022-10-12,1665532800,1004.53,1039.33,999.0,1034.93,False,False,False,False
2022-10-13,1665619200,1034.2,1051.24,1020.97,1051.24,False,False,False,False
2022-10-14,1665705600,1068.63,1070.3,1054.82,1061.39,False,False,False,False
2022-10-17,1665964800,1051.23,1051.42,1028.34,1047.2,False,False,False,False
2022-10-18,1666051200,1061.06,1068.9,1051.85,1059.06,False,False,False,False
2022-10-19,1666137600,1061.12,1062.27,1044.69,1053.65,False,False,False,False
2022-10-20,1666224000,1049.96,1060.79,1041.08,1053.26,False,False,False,False
2022-10-21,1666310400,1055.34,1055.34,1002.09,1010.57,False,False,False,False
2022-10-24,1666569600,1011.54,1013.24,961.79,973.88,False,False,False,False
2022-10-25,1666656000,971.29,1006.69,950.19,991.52,False,False,False,False
2022-10-26,1666742400,995.73,999.59,979.4,990.41,False,False,False,False
2022-10-27,1666828800,992.95,1028.5,986.54,1028.5,False,False,False,False
2022-10-28,1666915200,1036.94,1046.04,1024.74,1029.49,False,False,False,False
2022-10-31,1667174400,1027.57,1031.66,999.47,1026.84,False,False,False,False
2022-11-01,1667260800,1028.23,1049.77,1028.23,1038.09,False,False,False,False
2022-11-02,1667347200,1037.47,1039.42,1020.48,1025.18,False,False,False,False
2022-11-03,1667433600,1012.9,1029.53,1010.57,1023.8,False,False,False,False
2022-11-04,1667520000,1006.52,1009.0,971.72,997.92,False,False,False,False
2022-11-07,1667779200,992.4,999.43,968.84,972.85,False,False,False,False
2022-11-08,1667865600,957.88,981.51,950.81,980.09,False,False,False,False
2022-11-09,1667952000,980.92,993.28,969.19,979.68,False,False,False,False
2022-11-10,1668038400,969.79,969.79,925.02,936.8,False,False,False,False
2022-11-11,1668124800,946.68,963.55,941.84,948.86,False,False,False,False
2022-11-14,1668384000,945.97,945.97,913.5,936.31,False,False,False,False
2022-11-15,1668470400,923.2,927.37,893.49,904.77,False,False,False,False
2022-11-16,1668556800,878.24,942.56,863.31,940.29,False,False,False,False
2022-11-17,1668643200,941.77,975.42,941.77,971.04,False,False,False,False
2022-11-18,1668729600,967.82,977.19,941.18,971.2,False,False,False,False
2022-11-21,1668988800,970.64,972.15,951.62,956.89,False,False,False,False
2022-11-22,1669075200,956.31,985.18,941.85,945.54,False,False,False,False
2022-11-23,1669161600,939.08,951.86,933.26,938.73,False,False,False,False
2022-11-24,1669248000,932.69,941.69,925.55,940.76,False,False,False,False
2022-11-25,1669334400,948.66,967.49,947.56,967.49,False,False,False,False
2022-11-28,1669593600,974.42,1006.06,974.23,1004.34,False,False,False,False
2022-11-29,1669680000,1007.58,1029.04,995.12,1029.04,False,False,False,False
2022-11-30,1669766400,1034.78,1049.21,1018.59,1049.21,False,False,False,False
2022-12-01,1669852800,1059.8,1073.32,1040.95,1042.64,False,False,False,False
2022-12-02,1669939200,1038.11,1092.99,1037.08,1092.99,False,False,False,False
2022-12-05,1670198400,1094.39,1120.56,1094.39,1110.94,False,False,False,False
2022-12-06,1670284800,1109.5,1109.5,1054.06,1054.06,False,False,False,False
2022-12-07,1670371200,1051.55,1064.73,1037.15,1047.58,False,False,False,False
2022-12-08,1670457600,1061.99,1093.64,1055.63,1062.73,False,False,False,False
2022-12-09,1670544000,1069.38,1076.67,1051.62,1065.08,False,False,False,False
2022-12-12,1670803200,1071.27,1073.44,1037.42,1037.42,False,False,False,False
2022-12-13,1670889600,1038.63,1056.43,1028.37,1056.43,False,False,False,False
2022-12-14,1670976000,1056.76,1071.02,1052.25,1056.17,False,False,False,False
2022-12-15,1671062400,1055.8,1076.03,1055.49,1068.08,False,False,False,False
2022-12-16,1671148800,1061.58,1077.27,1058.88,1064.07,False,False,False,False
2022-12-19,1671408000,1063.72,1081.55,1050.22,1050.22,False,False,False,False
2022-12-20,1671494400,1048.17,1049.39,1015.66,1029.79,False,False,False,False
2022-12-21,1671580800,1041.05,1041.65,1011.9,1033.1,False,False,False,False
2022-12-22,1671667200,1033.72,1048.84,1031.29,1038.34,False,False,False,False
2022-12-23,1671753600,1037.91,1041.37,1022.51,1034.13,False,False,False,False
2022-12-26,1672012800,1032.42,1033.17,987.77,987.77,False,False,False,False
2022-12-27,1672099200,988.87,1015.01,985.67,1007.36,False,False,False,False
2022-12-28,1672185600,1009.19,1023.24,997.12,1013.95,False,False,False,False
2022-12-29,1672272000,1013.95,1022.15,1008.3,1008.3,False,False,False,False
2022-12-30,1672358400,1016.71,1017.45,1005.19,1005.19,False,False,False,False
2023-01-03,1672704000,1010.52,1047.25,1010.03,1047.25,False,False,False,False
2023-01-04,1672790400,1051.66,1059.01,1046.61,1050.15,False,False,False,False
2023-01-05,1672876800,1052.32,1065.99,1051.6,1061.9,False,False,False,False
2023-01-06,1672963200,1060.14,1075.33,1053.29,1057.4,False,False,False,False
2023-01-09,1673222400,1065.24,1068.77,1056.64,1061.14,False,False,False,False
2023-01-10,1673308800,1062.22,1066.08,1052.09,1060.53,False,False,False,False
2023-01-11,1673395200,1065.69,1076.22,1063.96,1065.22,False,False,False,False
2023-01-12,1673481600,1068.47,1072.81,1059.52,1066.24,False,False,False,False
2023-01-13,1673568000,1071.91,1077.45,1063.68,1069.86,False,False,False,False
2023-01-16,1673827200,1072.44,1076.97,1066.78,1075.71,False,False,False,False
2023-01-17,1673913600,1077.48,1103.73,1077.48,1103.73,False,False,False,False
2023-01-18,1674000000,1106.89,1117.23,1104.98,1115.72,False,False,False,False
2023-01-19,1674086400,1110.5,1126.12,1108.96,1121.92,False,False,False,False
2023-01-27,1674777600,1128.45,1142.08,1125.12,1130.65,False,False,False,False
2023-01-30,1675036800,1132.45,1132.97,1113.95,1113.95,False,False,False,False
2023-01-31,1675123200,1112.6,1125.07,1098.65,1125.07,False,False,False,False
2023-02-01,1675209600,1128.13,1130.2,1088.09,1088.09,False,False,False,False
2023-02-02,1675296000,1093.55,1099.39,1082.97,1093.48,False,False,False,False
2023-02-03,1675382400,1094.14,1095.87,1081.05,1085.7,False,False,False,False
2023-02-06,1675641600,1078.72,1094.45,1073.44,1094.37,False,False,False,False
2023-02-07,1675728000,1094.51,1096.93,1068.71,1069.5,False,False,False,False
2023-02-08,1675814400,1072.08,1082.89,1064.93,1073.38,False,False,False,False
2023-02-09,1675900800,1070.32,1076.48,1059.91,1059.91,False,False,False,False
2023-02-10,1675987200,1060.91,1064.53,1048.13,1048.74,False,False,False,False
2023-02-13,1676246400,1044.49,1045.6,1024.98,1040.4,False,False,False,False
2023-02-14,1676332800,1040.85,1042.96,1030.51,1034.93,False,False,False,False
2023-02-15,1676419200,1032.58,1048.85,1028.11,1043.34,False,False,False,False
2023-02-16,1676505600,1047.66,1055.26,1040.01,1055.26,False,False,False,False
2023-02-17,1676592000,1055.29,1057.59,1047.13,1053.72,False,False,False,False
2023-02-20,1676851200,1052.38,1087.36,1052.36,1087.36,False,False,False,False
2023-02-21,1676937600,1089.77,1096.35,1080.12,1080.9,False,False,False,False
2023-02-22,1677024000,1078.98,1078.98,1051.08,1051.08,False,False,False,False
2023-02-23,1677110400,1050.07,1050.95,1026.92,1050.95,False,False,False,False
2023-02-24,1677196800,1048.22,1048.27,1027.16,1030.42,False,False,False,False
2023-02-27,1677456000,1028.67,1028.67,1006.32,1011.46,False,False,False,False
2023-02-28,1677542400,1018.66,1026.65,1009.18,1014.96,False,False,False,False
2023-03-01,1677628800,1013.83,1034.43,1001.05,1034.43,False,False,False,False
2023-03-02,1677715200,1032.84,1037.73,1025.13,1028.73,False,False,False,False
2023-03-03,1677801600,1029.59,1033.71,1011.61,1013.35,False,False,False,False
2023-03-06,1678060800,1022.57,1034.56,1014.26,1014.26,False,False,False,False
2023-03-07,1678147200,1025.78,1037.97,1024.02,1027.16,False,False,False,False
2023-03-08,1678233600,1017.35,1040.59,1017.35,1040.59,False,False,False,False
2023-03-09,1678320000,1042.11,1056.56,1041.49,1050.28,False,False,False,False
2023-03-10,1678406400,1044.51,1049.45,1039.59,1047.2,False,False,False,False
2023-03-13,1678665600,1042.6,1053.64,1041.25,1050.07,False,False,False,False
2023-03-14,1678752000,1047.47,1049.35,1032.51,1037.35,False,False,False,False
2023-03-15,1678838400,1040.63,1064.65,1040.63,1064.38,False,False,False,False
2023-03-16,1678924800,1056.81,1059.61,1039.89,1046.99,False,False,False,False
2023-03-17,1679011200,1053.48,1055.2,1043.28,1047.71,False,False,False,False
2023-03-20,1679270400,1041.86,1042.07,1021.67,1024.5,False,False,False,False
2023-03-21,1679356800,1031.34,1036.18,1016.77,1035.04,False,False,False,False
2023-03-22,1679443200,1035.49,1046.48,1035.04,1043.14,False,False,False,False
2023-03-23,1679529600,1038.93,1046.6,1033.23,1046.6,False,False,False,False
2023-03-24,1679616000,1049.05,1056.67,1047.46,1051.42,False,False,False,False
2023-03-27,1679875200,1052.68,1059.65,1046.8,1056.45,False,False,False,False
2023-03-28,1679961600,1060.85,1064.68,1055.81,1058.82,False,False,False,False
2023-03-29,1680048000,1059.87,1061.45,1053.12,1061.45,False,False,False,False
2023-03-30,1680134400,1067.25,1073.93,1065.52,1067.24,False,False,False,False
2023-03-31,1680220800,1067.72,1078.15,1067.72,1073.68,False,False,False,False
2023-04-03,1680480000,1080.9,1088.83,1080.9,1088.72,False,False,False,False
2023-04-04,1680566400,1090.07,1091.13,1084.04,1088.34,False,False,False,False
2023-04-05,1680652800,1088.33,1089.83,1082.73,1089.83,False,False,False,False
2023-04-06,1680739200,1091.15,1093.99,1078.86,1078.86,False,False,False,False
2023-04-07,1680825600,1079.0,1080.9,1071.6,1078.88,False,False,False,False
2023-04-10,1681084800,1082.62,1087.6,1074.59,1077.41,False,False,False,False
2023-04-11,1681171200,1075.76,1082.89,1067.28,1081.71,False,False,False,False
2023-04-12,1681257600,1083.06,1084.26,1077.86,1080.69,False,False,False,False
2023-04-13,1681344000,1081.78,1082.21,1072.11,1074.67,False,False,False,False
2023-04-14,1681430400,1078.36,1079.87,1063.43,1063.43,False,False,False,False
2023-04-17,1681689600,1063.18,1065.4,1058.55,1065.02,False,False,False,False
2023-04-18,1681776000,1067.02,1068.54,1060.75,1064.55,False,False,False,False
2023-04-19,1681862400,1067.67,1067.74,1055.77,1056.14,False,False,False,False
2023-04-20,1681948800,1056.74,1057.82,1050.35,1053.61,False,False,False,False
2023-04-21,1682035200,1054.75,1055.48,1045.78,1046.18,False,False,False,False
2023-04-24,1682294400,1049.24,1054.0,1041.46,1046.17,False,False,False,False
2023-04-25,1682380800,1046.6,1051.54,1036.93,1037.04,False,False,False,False
2023-04-26,1682467200,1036.3,1045.24,1029.94,1045.24,False,False,False,False
2023-04-27,1682553600,1045.78,1048.26,1040.32,1041.54,False,False,False,False
2023-04-28,1682640000,1045.38,1051.43,1044.56,1051.43,False,False,False,False
2023-05-04,1683158400,1046.32,1047.93,1038.23,1039.64,False,False,False,False
2023-05-05,1683244800,1038.51,1042.11,1035.07,1038.46,False,False,False,False
2023-05-08,1683504000,1041.07,1050.56,1041.04,1049.72,False,False,False,False
2023-05-09,1683590400,1049.86,1054.49,1049.23,1049.67,False,False,False,False
2023-05-10,1683676800,1051.62,1055.36,1048.6,1054.99,False,False,False,False
2023-05-11,1683763200,1058.02,1061.48,1053.62,1054.93,False,False,False,False
2023-05-12,1683849600,1056.09,1066.44,1051.75,1066.44,False,False,False,False
2023-05-15,1684108800,1067.26,1080.72,1067.26,1070.9,False,False,False,False
2023-05-16,1684195200,1072.98,1073.66,1066.92,1069.64,False,False,False,False
2023-05-17,1684281600,1069.54,1073.87,1062.1,1062.1,False,False,False,False
2023-05-18,1684368000,1065.39,1076.86,1063.08,1070.76,False,False,False,False
2023-05-19,1684454400,1072.77,1072.77,1060.72,1068.84,False,False,False,False
2023-05-22,1684713600,1070.37,1073.89,1068.55,1073.74,False,False,False,False
2023-05-23,1684800000,1074.26,1076.89,1063.85,1068.05,False,False,False,False
2023-05-24,1684886400,1072.23,1072.52,1060.83,1061.55,False,False,False,False
2023-05-25,1684972800,1061.16,1064.24,1057.35,1062.15,False,False,False,False
2023-05-26,1685059200,1064.26,1064.95,1060.14,1060.81,False,False,False,False
2023-05-29,1685318400,1063.62,1070.97,1062.79,1069.77,False,False,False,False
2023-05-30,1685404800,1073.99,1074.46,1066.98,1071.82,False,False,False,False
2023-05-31,1685491200,1072.72,1074.3,1063.44,1066.33,False,False,False,False
2023-06-01,1685577600,1065.27,1068.09,1060.29,1068.09,False,False,False,False
2023-06-02,1685664000,1074.51,1089.22,1073.95,1086.96,False,False,False,False
2023-06-05,1685923200,1097.53,1100.37,1090.52,1091.08,False,False,False,False
2023-06-06,1686009600,1091.71,1102.32,1090.95,1102.32,False,False,False,False
2023-06-07,1686096000,1104.3,1107.09,1100.11,1105.68,False,False,False,False
2023-06-08,1686182400,1107.86,1110.87,1092.46,1092.46,False,False,False,False
2023-06-09,1686268800,1095.41,1100.85,1089.37,1100.85,False,False,False,False
2023-06-12,1686528000,1104.08,1109.63,1092.3,1109.63,False,False,False,False
2023-06-13,1686614400,1110.95,1115.39,1108.5,1115.39,False,False,False,False
2023-06-14,1686700800,1116.53,1123.86,1110.6,1110.6,False,False,False,False
2023-06-15,1686787200,1110.52,1113.23,1104.6,1108.57,False,False,False,False
2023-06-16,1686873600,1108.59,1125.62,1105.74,1109.06,False,False,False,False
2023-06-19,1687132800,1110.01,1111.21,1098.31,1098.94,False,False,False,False
2023-06-20,1687219200,1098.92,1104.27,1095.38,1104.27,False,False,False,False
2023-06-21,1687305600,1104.24,1112.07,1101.27,1112.07,False,False,False,False
2023-06-22,1687392000,1119.25,1122.6,1115.57,1117.6,False,False,False,False
2023-06-23,1687478400,1119.02,1127.29,1117.41,1126.76,False,False,False,False
2023-06-26,1687737600,1130.04,1134.11,1118.53,1131.23,False,False,False,False
2023-06-27,1687824000,1134.28,1135.65,1128.2,1134.41,False,False,False,False
2023-06-28,1687910400,1135.89,1143.53,1131.92,1141.12,False,False,False,False
2023-06-29,1687996800,1141.81,1142.72,1125.29,1125.29,False,False,False,False
2023-06-30,1688083200,1125.21,1127.28,1121.21,1123.13,False,False,False,False
2023-07-03,1688342400,1127.12,1130.09,1120.63,1123.37,False,False,False,False
2023-07-04,1688428800,1123.54,1128.35,1119.29,1128.0,False,False,False,False
2023-07-05,1688515200,1131.15,1134.68,1128.19,1129.76,False,False,False,False
2023-07-06,1688601600,1129.74,1131.54,1115.91,1119.44,False,False,False,False
2023-07-07,1688688000,1118.2,1129.43,1116.02,1129.43,False,False,False,False
2023-07-10,1688947200,1134.97,1143.16,1132.73,1143.16,False,False,False,False
2023-07-11,1689033600,1144.35,1152.16,1143.6,1146.67,False,False,False,False
2023-07-12,1689120000,1147.63,1150.88,1141.81,1146.54,False,False,False,False
2023-07-13,1689206400,1152.58,1156.11,1148.71,1156.11,False,False,False,False
2023-07-14,1689292800,1160.5,1162.16,1146.26,1160.59,False,False,False,False
2023-07-17,1689552000,1164.52,1166.76,1160.47,1164.58,False,False,False,False
2023-07-18,1689638400,1163.7,1167.81,1159.05,1166.82,False,False,False,False
2023-07-19,1689724800,1169.64,1171.07,1165.19,1165.19,False,False,False,False
2023-07-20,1689811200,1164.69,1168.26,1159.64,1168.26,False,False,False,False
2023-07-21,1689897600,1167.74,1186.6,1166.55,1186.6,False,False,False,False
2023-07-24,1690156800,1191.3,1194.04,1182.45,1193.14,False,False,False,False
2023-07-25,1690243200,1195.13,1202.39,1194.89,1198.01,False,False,False,False
2023-07-26,1690329600,1198.04,1201.43,1195.31,1201.43,False,False,False,False
2023-07-27,1690416000,1201.11,1205.35,1192.35,1199.68,False,False,False,False
2023-07-28,1690502400,1199.9,1212.45,1197.53,1212.45,False,False,False,False
2023-07-31,1690761600,1224.47,1230.81,1217.02,1230.81,False,False,False,False
2023-08-01,1690848000,1239.52,1240.99,1222.18,1222.18,False,False,False,False
2023-08-02,1690934400,1220.7,1226.12,1216.67,1221.32,False,False,False,False
2023-08-03,1691020800,1219.88,1223.94,1207.43,1210.8,False,False,False,False
2023-08-04,1691107200,1211.77,1231.42,1211.77,1231.42,False,False,False,False
2023-08-07,1691366400,1230.38,1250.68,1230.38,1250.68,False,False,False,False
2023-08-08,1691452800,1252.05,1254.21,1243.84,1247.81,False,False,False,False
2023-08-09,1691539200,1246.12,1248.52,1235.87,1239.84,False,False,False,False
2023-08-10,1691625600,1241.59,1243.16,1225.0,1226.2,False,False,False,False
2023-08-11,1691712000,1235.59,1240.77,1221.03,1240.77,False,False,False,False
2023-08-14,1691971200,1245.06,1245.96,1234.12,1243.43,False,False,False,False
2023-08-15,1692057600,1244.31,1244.62,1236.55,1241.24,False,False,False,False
2023-08-16,1692144000,1240.88,1257.57,1240.88,1256.95,False,False,False,False
2023-08-17,1692230400,1257.81,1259.5,1247.82,1247.82,False,False,False,False
2023-08-18,1692316800,1240.54,1243.69,1187.03,1190.1,False,False,False,False
2023-08-21,1692576000,1190.69,1199.6,1178.54,1190.32,False,False,False,False
2023-08-22,1692662400,1192.11,1195.97,1158.6,1193.51,False,False,False,False
2023-08-23,1692748800,1206.61,1207.84,1177.5,1182.97,False,False,False,False
2023-08-24,1692835200,1184.28,1201.95,1180.46,1201.88,False,False,False,False
2023-08-25,1692921600,1201.73,1203.52,1190.54,1193.93,False,False,False,False
2023-08-28,1693180800,1200.26,1213.61,1199.02,1213.4,False,False,False,False
2023-08-29,1693267200,1215.97,1217.89,1207.72,1215.47,False,False,False,False
2023-08-30,1693353600,1215.62,1227.68,1214.77,1225.56,False,False,False,False
2023-08-31,1693440000,1225.93,1235.71,1225.93,1234.53,False,False,False,False
2023-09-05,1693872000,1241.49,1248.97,1238.6,1244.64,False,False,False,False
2023-09-06,1693958400,1246.83,1260.03,1238.44,1260.03,False,False,False,False
2023-09-07,1694044800,1261.35,1268.05,1251.89,1255.22,False,False,False,False
2023-09-08,1694131200,1252.1,1258.33,1247.95,1249.14,False,False,False,False
2023-09-11,1694390400,1251.38,1259.48,1227.4,1230.71,False,False,False,False
2023-09-12,1694476800,1230.7,1255.83,1227.32,1255.83,False,False,False,False
2023-09-13,1694563200,1258.04,1260.37,1241.95,1247.95,False,False,False,False
2023-09-14,1694649600,1247.87,1255.75,1231.53,1234.06,False,False,False,False
2023-09-15,1694736000,1235.25,1244.82,1231.77,1238.81,False,False,False,False
2023-09-18,1694995200,1235.2,1236.53,1214.74,1223.7,False,False,False,False
2023-09-19,1695081600,1224.26,1229.61,1212.51,1225.5,False,False,False,False
2023-09-20,1695168000,1224.64,1237.21,1221.64,1234.57,False,False,False,False
2023-09-21,1695254400,1234.14,1235.3,1217.78,1219.19,False,False,False,False
2023-09-22,1695340800,1210.14,1210.14,1180.11,1197.69,False,False,False,False
2023-09-25,1695600000,1195.36,1199.65,1159.94,1159.94,False,False,False,False
2023-09-26,1695686400,1161.62,1174.24,1152.44,1153.37,False,False,False,False
2023-09-27,1695772800,1154.54,1168.6,1141.09,1168.6,False,False,False,False
2023-09-28,1695859200,1167.96,1168.09,1144.47,1164.45,False,False,False,False
2023-09-29,1695945600,1169.26,1176.77,1165.15,1166.26,False,False,False,False
2023-10-02,1696204800,1166.64,1173.06,1159.16,1167.13,False,False,False,False
2023-10-03,1696291200,1156.86,1158.38,1128.54,1130.89,False,False,False,False
2023-10-04,1696377600,1129.15,1146.21,1118.74,1138.54,False,False,False,False
2023-10-05,1696464000,1141.22,1143.34,1124.48,1124.48,False,False,False,False
2023-10-06,1696550400,1125.62,1141.93,1120.28,1139.78,False,False,False,False
2023-10-09,1696809600,1139.07,1150.37,1135.67,1150.37,False,False,False,False
2023-10-10,1696896000,1153.05,1163.47,1153.05,1160.28,False,False,False,False
2023-10-11,1696982400,1161.87,1167.29,1154.45,1167.29,False,False,False,False
2023-10-12,1697068800,1167.62,1172.14,1162.0,1165.49,False,False,False,False
2023-10-13,1697155200,1158.34,1167.61,1152.58,1166.66,False,False,False,False
2023-10-16,1697414400,1165.75,1168.02,1151.13,1153.21,False,False,False,False
2023-10-17,1697500800,1157.63,1160.3,1141.03,1141.03,False,False,False,False
2023-10-18,1697587200,1143.95,1144.89,1108.68,1125.56,False,False,False,False
2023-10-19,1697673600,1126.67,1126.86,1104.89,1104.89,False,False,False,False
2023-10-20,1697760000,1104.83,1125.63,1094.78,1123.69,False,False,False,False
2023-10-23,1698019200,1122.73,1123.28,1099.34,1106.85,False,False,False,False
2023-10-24,1698105600,1109.18,1121.39,1102.05,1117.12,False,False,False,False
2023-10-25,1698192000,1117.92,1124.85,1113.28,1113.32,False,False,False,False
2023-10-26,1698278400,1092.56,1094.96,1056.32,1064.95,False,False,False,False
2023-10-27,1698364800,1070.98,1074.01,1050.32,1067.57,False,False,False,False
2023-10-30,1698624000,1063.14,1066.38,1047.63,1047.63,False,False,False,False
2023-10-31,1698710400,1049.56,1053.05,1034.12,1039.38,False,False,False,False
2023-11-01,1698796800,1038.9,1051.65,1034.04,1051.65,False,False,False,False
2023-11-02,1698883200,1052.14,1087.5,1052.14,1087.5,False,False,False,False
2023-11-03,1698969600,1088.31,1095.71,1082.83,1086.19,False,False,False,False
2023-11-06,1699228800,1094.14,1104.04,1093.62,1103.52,False,False,False,False
2023-11-07,1699315200,1100.4,1101.7,1091.38,1092.71,False,False,False,False
2023-11-08,1699401600,1092.51,1129.95,1086.85,1129.95,False,False,False,False
2023-11-09,1699488000,1130.64,1137.05,1122.72,1122.95,False,False,False,False
2023-11-10,1699574400,1113.38,1123.66,1107.51,1109.05,False,False,False,False
2023-11-13,1699833600,1109.14,1114.41,1099.18,1106.72,False,False,False,False
2023-11-14,1699920000,1112.37,1124.76,1109.79,1119.28,False,False,False,False
2023-11-15,1700006400,1130.53,1144.88,1128.64,1131.9,False,False,False,False
2023-11-16,1700092800,1128.57,1132.6,1123.29,1132.6,False,False,False,False
2023-11-17,1700179200,1135.52,1137.73,1096.44,1103.53,False,False,False,False
2023-11-20,1700438400,1091.66,1114.63,1085.74,1102.85,False,False,False,False
2023-11-21,1700524800,1103.6,1113.69,1102.33,1108.6,False,False,False,False
2023-11-22,1700611200,1109.31,1112.98,1098.21,1109.8,False,False,False,False
2023-11-23,1700697600,1111.93,1114.87,1082.68,1082.68,False,False,False,False
2023-11-24,1700784000,1085.26,1087.34,1068.59,1087.34,False,False,False,False
2023-11-27,1701043200,1086.89,1088.03,1076.62,1078.42,False,False,False,False
2023-11-28,1701129600,1078.86,1089.4,1068.24,1088.51,False,False,False,False
2023-11-29,1701216000,1090.14,1097.42,1087.95,1093.16,False,False,False,False
2023-11-30,1701302400,1091.44,1097.22,1081.7,1081.7,False,False,False,False
2023-12-01,1701388800,1088.07,1091.17,1077.33,1090.39,False,False,False,False
2023-12-04,1701648000,1094.42,1111.9,1093.85,1107.16,False,False,False,False
2023-12-05,1701734400,1108.02,1109.48,1097.05,1100.42,False,False,False,False
2023-12-06,1701820800,1101.65,1109.27,1100.14,1109.27,False,False,False,False
2023-12-07,1701907200,1109.67,1115.24,1096.22,1111.35,False,False,False,False
2023-12-08,1701993600,1111.28,1118.81,1109.67,1114.89,False,False,False,False
2023-12-11,1702252800,1118.79,1120.07,1111.73,1117.34,False,False,False,False
2023-12-12,1702339200,1119.26,1121.21,1114.98,1121.21,False,False,False,False
2023-12-13,1702425600,1123.34,1124.71,1105.71,1106.83,False,False,False,False
2023-12-14,1702512000,1111.12,1113.01,1102.67,1104.49,False,False,False,False
2023-12-15,1702598400,1104.94,1107.15,1097.4,1097.4,False,False,False,False
2023-12-18,1702857600,1098.77,1099.41,1082.8,1084.67,False,False,False,False
2023-12-19,1702944000,1083.6,1091.87,1076.36,1091.87,False,False,False,False
2023-12-20,1703030400,1092.29,1097.49,1088.63,1097.01,False,False,False,False
2023-12-21,1703116800,1092.75,1097.82,1089.59,1097.43,False,False,False,False
2023-12-22,1703203200,1097.23,1099.53,1093.19,1097.45,False,False,False,False
2023-12-25,1703462400,1099.72,1113.73,1099.44,1111.86,False,False,False,False
2023-12-26,1703548800,1112.4,1117.33,1111.11,1115.52,False,False,False,False
2023-12-27,1703635200,1116.48,1120.56,1115.78,1115.94,False,False,False,False
2023-12-28,1703721600,1116.66,1129.33,1115.17,1128.51,False,False,False,False
2023-12-29,1703808000,1130.89,1136.02,1130.09,1131.46,False,False,False,False
2024-01-02,1704153600,1137.11,1140.11,1129.78,1131.64,False,False,False,False
2024-01-03,1704240000,1131.57,1144.85,1126.57,1144.85,False,False,False,False
2024-01-04,1704326400,1145.72,1167.27,1144.57,1156.37,False,False,False,False
2024-01-05,1704412800,1156.71,1161.53,1152.79,1161.14,False,False,False,False
2024-01-08,1704672000,1164.43,1169.95,1159.73,1163.52,False,False,False,False
2024-01-09,1704758400,1163.61,1164.86,1156.01,1160.21,False,False,False,False
2024-01-10,1704844800,1160.5,1168.93,1158.53,1162.68,False,False,False,False
2024-01-11,1704931200,1164.8,1172.49,1159.52,1163.56,False,False,False,False
2024-01-12,1705017600,1161.72,1167.94,1149.61,1163.66,False,False,False,False
2024-01-15,1705276800,1168.07,1172.16,1161.3,1161.3,False,False,False,False
2024-01-16,1705363200,1157.85,1170.19,1155.25,1170.19,False,False,False,False
2024-01-17,1705449600,1169.52,1177.01,1165.32,1166.61,False,False,False,False
2024-01-18,1705536000,1168.44,1175.6,1166.29,1173.91,False,False,False,False
2024-01-19,1705622400,1176.62,1185.23,1176.54,1185.23,False,False,False,False
2024-01-22,1705881600,1189.98,1192.57,1183.04,1189.56,False,False,False,False
2024-01-23,1705968000,1191.54,1193.19,1180.91,1183.85,False,False,False,False
2024-01-24,1706054400,1182.22,1188.11,1178.53,1179.45,False,False,False,False
2024-01-25,1706140800,1180.64,1180.68,1174.11,1177.52,False,False,False,False
2024-01-26,1706227200,1180.02,1184.9,1180.02,1182.82,False,False,False,False
2024-01-29,1706486400,1184.54,1185.62,1178.29,1179.17,False,False,False,False
2024-01-30,1706572800,1178.9,1182.49,1176.91,1181.71,False,False,False,False
2024-01-31,1706659200,1183.54,1185.27,1163.51,1166.33,False,False,False,False
2024-02-01,1706745600,1165.05,1175.62,1164.77,1173.35,False,False,False,False
2024-02-02,1706832000,1174.02,1178.85,1171.62,1174.76,False,False,False,False
2024-02-05,1707091200,1176.74,1201.33,1176.3,1197.36,False,False,False,False
2024-02-06,1707177600,1199.73,1203.83,1196.66,1199.17,False,False,False,False
2024-02-07,1707264000,1201.39,1214.54,1201.04,1212.7,False,False,False,False
2024-02-15,1707955200,1213.84,1226.09,1213.84,1217.12,False,False,False,False
2024-02-16,1708041600,1221.31,1224.54,1217.46,1224.54,False,False,False,False
2024-02-19,1708300800,1228.71,1240.2,1226.97,1240.2,False,False,False,False
2024-02-20,1708387200,1241.93,1243.81,1235.86,1241.65,False,False,False,False
2024-02-21,1708473600,1241.01,1248.23,1233.97,1242.08,False,False,False,False
2024-02-22,1708560000,1242.15,1243.58,1236.29,1239.9,False,False,False,False
2024-02-23,1708646400,1241.28,1256.11,1222.94,1223.09,False,False,False,False
2024-02-26,1708905600,1223.83,1234.52,1220.3,1233.31,False,False,False,False
2024-02-27,1708992000,1238.55,1248.24,1235.15,1247.91,False,False,False,False
2024-02-28,1709078400,1252.14,1265.35,1246.63,1265.35,False,False,False,False
2024-02-29,1709164800,1268.94,1276.9,1258.26,1265.75,False,False,False,False
2024-03-01,1709251200,1267.31,1269.07,1258.83,1267.07,False,False,False,False
2024-03-04,1709510400,1271.05,1275.36,1262.9,1268.53,False,False,False,False
2024-03-05,1709596800,1269.5,1280.17,1264.84,1280.17,False,False,False,False
2024-03-06,1709683200,1280.38,1288.06,1264.44,1271.07,False,False,False,False
2024-03-07,1709769600,1271.63,1279.92,1266.52,1276.56,False,False,False,False
2024-03-08,1709856000,1277.31,1281.52,1250.2,1250.2,False,False,False,False
2024-03-11,1710115200,1250.08,1255.3,1232.97,1235.12,False,False,False,False
2024-03-12,1710201600,1233.81,1244.95,1232.4,1242.23,False,False,False,False
2024-03-13,1710288000,1242.24,1272.28,1242.24,1272.28,False,False,False,False
2024-03-14,1710374400,1272.36,1277.29,1254.72,1260.32,False,False,False,False
2024-03-15,1710460800,1258.22,1264.77,1244.01,1256.42,False,False,False,False
2024-03-18,1710720000,1256.37,1258.38,1215.67,1235.74,False,False,False,False
2024-03-19,1710806400,1235.48,1241.23,1229.02,1234.74,False,False,False,False
2024-03-20,1710892800,1236.45,1262.31,1228.49,1259.06,False,False,False,False
2024-03-21,1710979200,1267.37,1281.57,1264.28,1281.57,False,False,False,False
2024-03-22,1711065600,1287.63,1295.79,1276.81,1284.14,False,False,False,False
2024-03-25,1711324800,1283.64,1288.91,1266.97,1270.0,False,False,False,False
2024-03-26,1711411200,1270.84,1287.89,1266.79,1286.23,False,False,False,False
2024-03-27,1711497600,1288.19,1290.76,1279.68,1288.77,False,False,False,False
2024-03-28,1711584000,1294.29,1306.42,1294.29,1303.2,False,False,False,False
2024-03-29,1711670400,1305.41,1306.01,1294.97,1296.9,False,False,False,False
2024-04-01,1711929600,1293.36,1298.59,1284.2,1292.62,False,False,False,False
2024-04-02,1712016000,1283.11,1292.3,1273.16,1292.3,False,False,False,False
2024-04-03,1712102400,1287.64,1290.84,1273.15,1274.27,False,False,False,False
2024-04-04,1712188800,1274.22,1278.67,1267.47,1267.65,False,False,False,False
2024-04-05,1712275200,1258.11,1265.65,1251.84,1257.78,False,False,False,False
2024-04-08,1712534400,1257.23,1260.17,1248.24,1254.72,False,False,False,False
2024-04-09,1712620800,1255.84,1266.92,1252.58,1266.92,False,False,False,False
2024-04-10,1712707200,1271.37,1276.08,1263.82,1263.82,False,False,False,False
2024-04-11,1712793600,1262.96,1266.71,1254.64,1262.86,False,False,False,False
2024-04-12,1712880000,1263.17,1285.3,1262.41,1284.74,False,False,False,False
2024-04-15,1713139200,1283.98,1287.46,1227.9,1227.9,False,False,False,False
2024-04-16,1713225600,1228.32,1234.28,1209.99,1232.7,False,False,False,False
2024-04-17,1713312000,1232.89,1237.08,1209.42,1210.74,False,False,False,False
2024-04-19,1713484800,1207.21,1210.32,1186.51,1194.03,False,False,False,False
2024-04-22,1713744000,1204.41,1214.24,1200.15,1206.64,False,False,False,False
2024-04-23,1713830400,1207.76,1213.96,1191.61,1200.37,False,False,False,False
2024-04-24,1713916800,1210.05,1234.87,1207.92,1232.17,False,False,False,False
2024-04-25,1714003200,1235.25,1236.99,1226.76,1233.72,False,False,False,False
2024-04-26,1714089600,1227.69,1245.52,1225.55,1240.5,False,False,False,False
2024-05-02,1714608000,1244.15,1248.41,1239.02,1247.21,False,False,False,False
2024-05-03,1714694400,1248.5,1259.83,1248.5,1255.62,False,False,False,False
2024-05-06,1714953600,1262.41,1274.62,1256.67,1274.62,False,False,False,False
2024-05-07,1715040000,1279.29,1285.43,1272.63,1284.85,False,False,False,False
2024-05-08,1715126400,1279.2,1285.12,1269.97,1284.85,False,False,False,False
2024-05-09,1715212800,1287.23,1289.92,1274.57,1281.47,False,False,False,False
2024-05-10,1715299200,1284.88,1285.22,1268.91,1277.47,False,False,False,False
2024-05-13,1715558400,1280.1,1281.58,1266.27,1272.53,False,False,False,False
2024-05-14,1715644800,1281.65,1287.51,1276.04,1277.31,False,False,False,False
2024-05-15,1715731200,1283.65,1294.71,1282.61,1289.97,False,False,False,False
2024-05-16,1715817600,1300.56,1311.4,1296.77,1308.27,False,False,False,False
2024-05-17,1715904000,1309.42,1312.95,1304.14,1310.15,False,False,False,False
2024-05-20,1716163200,1317.61,1322.13,1312.55,1312.55,False,False,False,False
2024-05-21,1716249600,1311.36,1313.19,1297.51,1308.62,False,False,False,False
2024-05-22,1716336000,1307.53,1311.11,1288.47,1291.46,False,False,False,False
2024-05-23,1716422400,1290.38,1304.76,1283.26,1304.76,False,False,False,False
2024-05-24,1716508800,1304.74,1309.89,1272.98,1283.46,False,False,False,False
2024-05-27,1716768000,1286.97,1288.75,1275.98,1284.88,False,False,False,False
2024-05-28,1716854400,1291.18,1299.75,1285.83,1299.75,False,False,False,False
2024-05-29,1716940800,1301.3,1302.56,1284.02,1284.02,False,False,False,False
2024-05-30,1717027200,1279.32,1280.5,1263.44,1279.29,False,False,False,False
2024-05-31,1717113600,1280.08,1283.3,1273.85,1275.97,False,False,False,False
2024-06-03,1717372800,1285.07,1301.64,1284.95,1297.78,False,False,False,False
2024-06-04,1717459200,1305.12,1306.96,1298.4,1300.99,False,False,False,False
2024-06-05,1717545600,1302.07,1313.11,1299.66,1299.66,False,False,False,False
2024-06-06,1717632000,1303.85,1308.43,1296.37,1302.28,False,False,False,False
2024-06-07,1717718400,1303.32,1314.56,1302.53,1308.03,False,False,False,False
2024-06-10,1717977600,1314.28,1319.06,1306.53,1311.1,False,False,False,False
2024-06-11,1718064000,1315.48,1318.09,1301.43,1308.3,False,False,False,False
2024-06-12,1718150400,1308.89,1331.81,1305.27,1331.81,False,False,False,False
2024-06-13,1718236800,1331.91,1339.17,1327.79,1333.85,False,False,False,False
2024-06-14,1718323200,1336.35,1338.59,1316.46,1316.46,False,False,False,False
2024-06-17,1718582400,1317.64,1318.16,1305.5,1309.7,False,False,False,False
2024-06-18,1718668800,1314.39,1320.8,1309.89,1309.89,False,False,False,False
2024-06-19,1718755200,1313.51,1319.31,1300.67,1314.22,False,False,False,False
2024-06-20,1718841600,1316.78,1326.88,1311.43,1322.36,False,False,False,False
2024-06-21,1718928000,1323.77,1324.81,1316.07,1319.93,False,False,False,False
2024-06-24,1719187200,1317.31,1319.51,1287.26,1289.85,False,False,False,False
2024-06-25,1719273600,1290.12,1293.28,1281.89,1288.8,False,False,False,False
2024-06-26,1719360000,1291.04,1294.12,1276.44,1291.3,False,False,False,False
2024-06-27,1719446400,1288.88,1290.8,1282.24,1289.03,False,False,False,False
2024-06-28,1719532800,1289.31,1290.97,1272.27,1278.32,False,False,False,False
2024-07-01,1719792000,1278.22,1285.48,1271.2,1285.48,False,False,False,False
2024-07-02,1719878400,1288.21,1300.58,1286.07,1296.06,False,False,False,False
2024-07-03,1719964800,1296.08,1309.4,1296.08,1305.5,False,False,False,False
2024-07-04,1720051200,1309.16,1313.01,1304.31,1310.63,False,False,False,False
2024-07-05,1720137600,1310.82,1316.7,1307.98,1316.18,False,False,False,False
2024-07-08,1720396800,1317.01,1319.27,1309.55,1315.83,False,False,False,False
2024-07-09,1720483200,1315.35,1322.21,1309.15,1321.78,False,False,False,False
2024-07-10,1720569600,1322.24,1324.91,1310.91,1310.91,False,False,False,False
2024-07-11,1720656000,1315.08,1318.15,1306.22,1306.22,False,False,False,False
2024-07-12,1720742400,1304.75,1312.24,1298.45,1301.81,False,False,False,False
2024-07-15,1721001600,1301.83,1307.3,1294.03,1297.82,False,False,False,False
2024-07-16,1721088000,1298.14,1309.75,1298.14,1303.3,False,False,False,False
2024-07-17,1721174400,1308.6,1324.55,1291.5,1305.37,False,False,False,False
2024-07-18,1721260800,1305.25,1308.67,1290.05,1306.38,False,False,False,False
2024-07-19,1721347200,1307.75,1314.15,1296.61,1302.32,False,False,False,False
2024-07-22,1721606400,1299.69,1305.96,1288.59,1299.31,False,False,False,False
2024-07-23,1721692800,1301.57,1304.81,1277.39,1278.67,False,False,False,False
2024-07-24,1721779200,1274.42,1284.18,1262.77,1280.51,False,False,False,False
2024-07-25,1721865600,1271.75,1275.49,1265.88,1272.18,False,False,False,False
2024-07-26,1721952000,1273.66,1281.84,1272.59,1281.84,False,False,False,False
2024-07-29,1722211200,1287.85,1292.33,1285.04,1285.73,False,False,False,False
2024-07-30,1722297600,1285.65,1289.78,1279.24,1287.82,False,False,False,False
2024-07-31,1722384000,1289.45,1300.74,1288.83,1299.09,False,False,False,False
2024-08-01,1722470400,1303.05,1303.86,1266.73,1272.0,False,False,False,False
2024-08-02,1722556800,1269.67,1281.01,1253.68,1281.01,False,False,False,False
2024-08-05,1722816000,1262.68,1264.87,1226.37,1232.11,False,False,False,False
2024-08-06,1722902400,1243.81,1256.23,1232.19,1252.81,False,False,False,False
2024-08-07,1722988800,1259.22,1259.39,1245.46,1253.58,False,False,False,False
2024-08-08,1723075200,1247.89,1256.36,1238.41,1243.31,False,False,False,False
2024-08-09,1723161600,1250.37,1265.94,1248.85,1264.84,False,False,False,False
2024-08-12,1723420800,1267.05,1273.16,1259.6,1271.44,False,False,False,False
2024-08-13,1723507200,1269.09,1272.21,1262.91,1268.72,False,False,False,False
2024-08-14,1723593600,1272.86,1275.26,1268.69,1270.38,False,False,False,False
2024-08-15,1723680000,1270.0,1272.25,1263.44,1265.32,False,False,False,False
2024-08-16,1723766400,1266.95,1291.89,1266.95,1291.68,False,False,False,False
2024-08-19,1724025600,1296.6,1301.88,1294.21,1299.04,False,False,False,False
2024-08-20,1724112000,1300.32,1309.41,1299.86,1305.25,False,False,False,False
2024-08-21,1724198400,1302.26,1318.19,1300.28,1317.69,False,False,False,False
2024-08-22,1724284800,1320.79,1322.67,1315.42,1318.57,False,False,False,False
2024-08-23,1724371200,1320.41,1323.9,1311.1,1321.15,False,False,False,False
2024-08-26,1724630400,1323.26,1326.85,1316.17,1318.6,False,False,False,False
2024-08-27,1724716800,1317.85,1324.57,1315.97,1322.28,False,False,False,False
2024-08-28,1724803200,1325.77,1327.64,1320.18,1323.54,False,False,False,False
2024-08-29,1724889600,1322.93,1332.27,1322.93,1326.67,False,False,False,False
2024-08-30,1724976000,1328.5,1333.56,1327.61,1331.52,False,False,False,False
2024-09-04,1725408000,1319.88,1321.32,1311.4,1317.71,False,False,False,False
2024-09-05,1725494400,1318.31,1322.56,1306.76,1309.05,False,False,False,False
2024-09-06,1725580800,1309.72,1315.63,1304.78,1315.39,False,False,False,False
2024-09-09,1725840000,1310.11,1310.64,1303.04,1307.15,False,False,False,False
2024-09-10,1725926400,1309.56,1312.49,1291.16,1294.06,False,False,False,False
2024-09-11,1726012800,1292.14,1298.37,1285.66,1293.88,False,False,False,False
2024-09-12,1726099200,1298.83,1301.83,1296.16,1297.61,False,False,False,False
2024-09-13,1726185600,1297.84,1298.56,1291.82,1294.3,False,False,False,False
2024-09-16,1726444800,1292.54,1298.79,1281.37,1281.37,False,False,False,False
2024-09-17,1726531200,1282.84,1303.65,1281.16,1303.65,False,False,False,False
2024-09-18,1726617600,1304.91,1317.7,1302.07,1310.94,False,False,False,False
2024-09-19,1726704000,1315.17,1319.41,1312.28,1318.41,False,False,False,False
2024-09-20,1726790400,1325.02,1336.79,1324.9,1326.0,False,False,False,False
2024-09-23,1727049600,1329.93,1333.73,1320.95,1321.12,False,False,False,False
2024-09-24,1727136000,1320.58,1330.87,1318.29,1330.87,False,False,False,False
2024-09-25,1727222400,1337.8,1344.07,1334.06,1344.07,False,False,False,False
2024-09-26,1727308800,1346.43,1359.71,1344.01,1350.85,False,False,False,False
2024-09-27,1727395200,1355.13,1361.2,1346.91,1352.57,False,False,False,False
2024-09-30,1727654400,1351.21,1354.91,1346.18,1352.56,False,False,False,False
2024-10-01,1727740800,1355.22,1370.14,1355.22,1358.88,False,False,False,False
2024-10-02,1727827200,1354.67,1361.46,1350.92,1354.51,False,False,False,False
2024-10-03,1727913600,1355.78,1371.67,1345.28,1346.46,False,False,False,False
2024-10-04,1728000000,1347.32,1348.23,1336.21,1336.21,False,False,False,False
2024-10-07,1728259200,1342.85,1345.76,1328.45,1335.48,False,False,False,False
2024-10-08,1728345600,1337.9,1344.38,1331.61,1339.05,False,False,False,False
2024-10-09,1728432000,1340.56,1352.52,1338.93,1351.97,False,False,False,False
2024-10-10,1728518400,1355.69,1370.15,1355.69,1360.58,False,False,False,False
2024-10-11,1728604800,1361.88,1364.59,1355.07,1362.5,False,False,False,False
2024-10-14,1728864000,1362.84,1373.66,1357.65,1358.76,False,False,False,False
2024-10-15,1728950400,1360.5,1367.55,1353.1,1356.09,False,False,False,False
2024-10-16,1729036800,1355.01,1358.07,1350.45,1354.1,False,False,False,False
2024-10-17,1729123200,1357.31,1362.89,1346.14,1362.89,False,False,False,False
2024-10-18,1729209600,1368.11,1372.66,1360.64,1362.69,False,False,False,False
2024-10-21,1729468800,1361.28,1366.36,1358.03,1358.03,False,False,False,False
2024-10-22,1729555200,1357.42,1359.4,1344.1,1348.92,False,False,False,False
2024-10-23,1729641600,1348.93,1351.72,1340.13,1349.72,False,False,False,False
2024-10-24,1729728000,1349.22,1351.59,1329.62,1329.62,False,False,False,False
2024-10-25,1729814400,1333.77,1334.78,1322.69,1325.54,False,False,False,False
2024-10-28,1730073600,1324.7,1328.57,1322.97,1328.33,False,False,False,False
2024-10-29,1730160000,1328.92,1335.76,1328.92,1335.76,False,False,False,False
2024-10-30,1730246400,1337.16,1338.47,1327.14,1333.85,False,False,False,False
2024-10-31,1730332800,1334.1,1341.01,1328.19,1338.6,False,False,False,False
2024-11-01,1730419200,1333.76,1336.08,1324.42,1325.62,False,False,False,False
2024-11-04,1730678400,1325.94,1326.99,1311.03,1312.64,False,False,False,False
2024-11-05,1730764800,1312.43,1317.6,1311.85,1313.35,False,False,False,False
2024-11-06,1730851200,1314.11,1331.53,1314.11,1329.56,False,False,False,False
2024-11-07,1730937600,1335.07,1336.29,1325.87,1326.65,False,False,False,False
2024-11-08,1731024000,1331.32,1331.51,1312.83,1317.34,False,False,False,False
2024-11-11,1731283200,1317.34,1318.71,1298.78,1310.46,False,False,False,False
2024-11-12,1731369600,1312.55,1315.8,1297.99,1301.95,False,False,False,False
2024-11-13,1731456000,1299.52,1305.42,1290.61,1304.04,False,False,False,False
2024-11-14,1731542400,1300.43,1303.71,1286.52,1286.65,False,False,False,False
2024-11-15,1731628800,1283.78,1284.3,1270.44,1271.22,False,False,False,False
2024-11-18,1731888000,1270.71,1277.8,1255.16,1270.23,False,False,False,False
2024-11-19,1731974400,1272.23,1273.49,1259.0,1259.08,False,False,False,False
2024-11-20,1732060800,1258.25,1277.67,1250.67,1271.73,False,False,False,False
2024-11-21,1732147200,1272.4,1286.67,1266.45,1286.67,False,False,False,False
2024-11-22,1732233600,1286.98,1292.21,1284.01,1286.07,False,False,False,False
2024-11-25,1732492800,1286.46,1293.3,1285.82,1291.94,False,False,False,False
2024-11-26,1732579200,1292.84,1304.34,1292.27,1299.22,False,False,False,False
2024-11-27,1732665600,1297.28,1303.99,1296.94,1301.06,False,False,False,False
2024-11-28,1732752000,1305.79,1310.41,1298.43,1301.52,False,False,False,False
2024-11-29,1732838400,1301.34,1311.67,1298.64,1311.26,False,False,False,False
2024-12-02,1733097600,1315.77,1317.76,1303.51,1308.83,False,False,False,False
2024-12-03,1733184000,1308.4,1312.0,1300.67,1309.18,False,False,False,False
2024-12-04,1733270400,1304.74,1305.06,1297.49,1297.81,False,False,False,False
2024-12-05,1733356800,1299.95,1337.55,1295.73,1337.55,False,False,False,False
2024-12-06,1733443200,1337.06,1341.57,1334.35,1337.28,False,False,False,False
2024-12-09,1733702400,1337.23,1343.05,1330.52,1336.18,False,False,False,False
2024-12-10,1733788800,1335.95,1339.7,1332.47,1335.85,False,False,False,False
2024-12-11,1733875200,1335.88,1342.7,1329.84,1336.48,False,False,False,False
2024-12-12,1733961600,1336.6,1344.37,1333.45,1335.55,False,False,False,False
2024-12-13,1734048000,1333.8,1334.81,1328.87,1331.58,False,False,False,False
2024-12-16,1734307200,1331.95,1335.4,1325.07,1331.82,False,False,False,False
2024-12-17,1734393600,1332.88,1332.96,1325.14,1327.63,False,False,False,False
2024-12-18,1734480000,1328.1,1331.73,1325.91,1329.83,False,False,False,False
2024-12-19,1734566400,1329.35,1329.35,1309.17,1314.16,False,False,False,False
2024-12-20,1734652800,1315.86,1318.48,1313.3,1317.77,False,False,False,False
2024-12-23,1734912000,1321.49,1326.0,1320.82,1323.02,False,False,False,False
2024-12-24,1734998400,1323.61,1323.9,1315.01,1323.27,False,False,False,False
2024-12-25,1735084800,1323.33,1350.07,1323.33,1342.48,False,False,False,False
2024-12-26,1735171200,1344.14,1346.47,1339.51,1342.68,False,False,False,False
2024-12-27,1735257600,1342.88,1348.83,1341.75,1346.84,False,False,False,False
2024-12-30,1735516800,1344.92,1347.35,1337.86,1347.35,False,False,False,False
2024-12-31,1735603200,1346.66,1346.99,1341.15,1344.75,False,False,False,False
2025-01-02,1735776000,1344.76,1347.14,1334.39,1343.2,False,False,False,False
2025-01-03,1735862400,1341.15,1341.3,1320.58,1320.58,False,False,False,False
2025-01-06,1736121600,1320.14,1325.73,1313.04,1313.04,False,False,False,False
2025-01-07,1736208000,1316.62,1322.23,1309.55,1315.28,False,False,False,False
2025-01-08,1736294400,1314.09,1316.63,1306.69,1316.63,False,False,False,False
2025-01-09,1736380800,1316.35,1318.87,1307.55,1310.8,False,False,False,False
2025-01-10,1736467200,1310.35,1312.32,1293.23,1293.23,False,False,False,False
2025-01-13,1736726400,1287.64,1298.34,1282.57,1298.34,False,False,False,False
2025-01-14,1736812800,1295.79,1297.32,1285.32,1289.23,False,False,False,False
2025-01-15,1736899200,1295.66,1300.37,1291.73,1297.64,False,False,False,False
2025-01-16,1736985600,1303.41,1307.82,1293.19,1303.25,False,False,False,False
2025-01-17,1737072000,1302.79,1313.48,1298.85,1313.48,False,False,False,False
2025-01-20,1737331200,1313.26,1319.06,1311.5,1316.95,False,False,False,False
2025-01-21,1737417600,1321.3,1323.27,1309.41,1314.81,False,False,False,False
2025-01-22,1737504000,1317.91,1318.25,1309.72,1309.72,False,False,False,False
2025-01-23,1737590400,1309.92,1339.48,1309.92,1332.54,False,False,False,False
2025-01-24,1737676800,1332.2,1339.55,1330.29,1337.59,False,False,False,False
2025-02-03,1738540800,1326.19,1326.19,1311.4,1315.46,False,False,False,False
2025-02-04,1738627200,1320.61,1327.61,1317.42,1327.21,False,False,False,False
2025-02-05,1738713600,1330.28,1334.58,1326.77,1331.35,False,False,False,False
2025-02-06,1738800000,1336.42,1340.92,1333.45,1336.59,False,False,False,False
2025-02-07,1738886400,1337.13,1345.26,1332.68,1340.8,False,False,False,False
2025-02-10,1739145600,1336.47,1343.09,1327.15,1330.88,False,False,False,False
2025-02-11,1739232000,1333.7,1338.4,1329.15,1338.4,False,False,False,False
2025-02-12,1739318400,1341.47,1343.44,1335.35,1335.68,False,False,False,False
2025-02-13,1739404800,1334.7,1338.33,1329.56,1337.78,False,False,False,False
2025-02-14,1739491200,1339.22,1347.98,1338.0,1340.52,False,False,False,False
2025-02-17,1739750400,1341.18,1342.89,1334.01,1334.01,False,False,False,False
2025-02-18,1739836800,1335.56,1346.8,1332.62,1337.39,False,False,False,False
2025-02-19,1739923200,1338.47,1346.67,1335.26,1344.64,False,False,False,False
2025-02-20,1740009600,1348.11,1351.52,1345.43,1349.45,False,False,False,False
2025-02-21,1740096000,1349.81,1355.09,1347.86,1353.73,False,False,False,False
2025-02-24,1740355200,1357.3,1364.52,1352.52,1364.52,False,False,False,False
2025-02-25,1740441600,1365.87,1369.32,1356.21,1360.56,False,False,False,False
2025-02-26,1740528000,1362.06,1364.91,1358.79,1360.56,False,False,False,False
2025-02-27,1740614400,1363.37,1364.27,1351.05,1363.62,False,False,False,False
2025-02-28,1740700800,1360.55,1361.66,1351.09,1356.43,False,False,False,False
2025-03-03,1740960000,1356.43,1362.8,1355.12,1361.16,False,False,False,False
2025-03-04,1741046400,1357.55,1369.5,1350.11,1367.97,False,False,False,False
2025-03-05,1741132800,1369.62,1379.66,1363.91,1363.91,False,False,False,False
2025-03-06,1741219200,1368.13,1380.12,1367.82,1379.62,False,False,False,False
2025-03-07,1741305600,1381.51,1390.98,1378.38,1389.77,False,False,False,False
2025-03-10,1741564800,1394.81,1400.13,1387.23,1391.07,False,False,False,False
2025-03-11,1741651200,1378.44,1393.57,1375.44,1393.57,False,False,False,False
2025-03-12,1741737600,1397.4,1400.45,1387.35,1392.39,False,False,False,False
2025-03-13,1741824000,1393.93,1400.6,1385.24,1387.3,False,False,False,False
2025-03-14,1741910400,1387.08,1394.39,1385.2,1387.03,False,False,False,False
2025-03-17,1742169600,1392.75,1397.28,1389.42,1394.9,False,False,False,False
2025-03-18,1742256000,1398.44,1400.38,1388.64,1388.64,False,False,False,False
2025-03-19,1742342400,1385.92,1386.57,1374.83,1377.63,False,False,False,False
2025-03-20,1742428800,1382.23,1388.37,1371.98,1378.95,False,False,False,False
2025-03-21,1742515200,1379.05,1381.25,1375.68,1378.27,False,False,False,False
2025-03-24,1742774400,1379.27,1390.7,1372.71,1390.7,False,False,False,False
2025-03-25,1742860800,1391.01,1398.29,1386.28,1388.79,False,False,False,False
2025-03-26,1742947200,1390.15,1396.34,1379.39,1381.47,False,False,False,False
2025-03-27,1743033600,1380.95,1384.75,1378.87,1380.26,False,False,False,False
2025-03-28,1743120000,1380.2,1381.26,1369.83,1373.93,False,False,False,False
2025-03-31,1743379200,1368.95,1369.07,1360.66,1363.88,False,False,False,False
2025-04-01,1743465600,1369.18,1376.91,1363.6,1376.91,False,False,False,False
2025-04-02,1743552000,1381.03,1384.38,1376.54,1376.94,False,False,False,False
2025-04-03,1743638400,1342.46,1342.46,1282.99,1283.18,False,False,False,False
2025-04-04,1743724800,1269.06,1280.52,1208.42,1280.52,False,False,False,False
2025-04-08,1744070400,1241.58,1245.51,1193.47,1197.51,False,False,False,False
2025-04-09,1744156800,1182.91,1220.73,1133.9,1168.68,False,False,False,False
2025-04-10,1744243200,1248.92,1249.29,1248.1,1249.29,False,False,False,False
2025-04-11,1744329600,1268.12,1310.02,1265.26,1309.94,False,False,False,False
2025-04-14,1744588800,1318.17,1329.06,1310.63,1325.87,False,False,False,False
2025-04-15,1744675200,1314.3,1329.99,1303.29,1310.76,False,False,False,False
2025-04-16,1744761600,1310.07,1318.86,1288.06,1293.25,False,False,False,False
2025-04-17,1744848000,1286.11,1304.47,1283.47,1303.03,False,False,False,False
2025-04-18,1744934400,1313.42,1322.26,1306.24,1306.24,False,False,False,False
2025-04-21,1745193600,1305.81,1310.59,1287.02,1294.29,False,False,False,False
2025-04-22,1745280000,1287.55,1292.67,1216.35,1290.38,False,False,False,False
2025-04-23,1745366400,1300.25,1311.72,1295.69,1303.04,False,False,False,False
2025-04-24,1745452800,1306.43,1313.93,1297.21,1311.66,False,False,False,False
2025-04-25,1745539200,1312.59,1318.66,1304.5,1317.18,False,False,False,False
2025-04-28,1745798400,1318.09,1321.38,1305.51,1312.32,False,False,False,False
2025-04-29,1745884800,1310.4,1312.88,1304.74,1309.73,False,False,False,False
2025-05-05,1746403200,1309.73,1321.68,1309.43,1320.41,False,False,False,False
2025-05-06,1746489600,1320.41,1331.08,1316.18,1319.66,False,False,False,False
2025-05-07,1746576000,1319.66,1325.94,1316.27,1324.8,False,False,False,False
2025-05-08,1746662400,1324.8,1354.08,1324.8,1351.1,False,False,False,False
2025-05-09,1746748800,1351.1,1363.62,1348.13,1352.25,False,False,False,False
2025-05-12,1747008000,1352.25,1374.68,1352.03,1372.04,False,False,False,False
2025-05-13,1747094400,1372.04,1384.01,1370.29,1382.78,False,False,False,False
2025-05-14,1747180800,1382.78,1400.1,1375.35,1397.87,False,False,False,False
2025-05-15,1747267200,1397.87,1403.7,1368.62,1401.49,False,False,False,False
2025-05-16,1747353600,1401.49,1404.13,1382.93,1384.44,False,False,False,False
2025-05-19,1747612800,1384.44,1391.24,1371.05,1379.75,False,False,False,False
2025-05-20,1747699200,1379.75,1408.56,1379.75,1407.52,False,False,False,False
2025-05-21,1747785600,1407.52,1429.43,1407.52,1419.36,False,False,False,False
2025-05-22,1747872000,1419.36,1432.84,1407.92,1409.56,False,False,False,False
2025-05-23,1747958400,1409.56,1415.97,1400.83,1409.4,False,False,False,False
2025-05-26,1748217600,1409.4,1424.01,1374.6,1423.85,False,False,False,False
2025-05-27,1748304000,1423.85,1430.82,1418.76,1427.45,False,False,False,False
2025-05-28,1748390400,1427.45,1436.99,1427.02,1432.19,False,False,False,False
2025-05-29,1748476800,1432.19,1438.03,1424.02,1431.57,False,False,False,False
2025-05-30,1748563200,1431.57,1436.22,1417.98,1423.68,False,False,False,False
2025-06-02,1748822400,1423.68,1424.75,1407.73,1423.04,False,False,False,False
2025-06-03,1748908800,1423.04,1442.55,1423.04,1437.87,False,False,False,False
2025-06-04,1748995200,1437.87,1442.87,1429.48,1435.28,False,False,False,False
2025-06-05,1749081600,1435.28,1437.28,1423.41,1432.38,False,False,False,False
2025-06-06,1749168000,1432.38,1437.24,1412.69,1418.97,False,False,False,False
2025-06-09,1749427200,1418.97,1418.97,1394.12,1396.56,False,False,False,False
2025-06-10,1749513600,1396.56,1414.89,1381.43,1404.82,False,False,False,False
2025-06-11,1749600000,1404.82,1411.95,1390.9,1405.15,False,False,False,False
2025-06-12,1749686400,1405.15,1418.41,1392.5,1412.16,False,False,False,False
2025-06-13,1749772800,1412.16,1419.67,1385.02,1401.2,False,False,False,False
2025-06-16,1750032000,1401.2,1421.27,1382.2,1420.35,False,False,False,False
2025-06-17,1750118400,1420.35,1440.59,1420.14,1431.39,False,False,False,False
2025-06-18,1750204800,1431.39,1439.7,1425.74,1432.99,False,False,False,False
2025-06-19,1750291200,1432.99,1442.46,1426.41,1439.3,False,False,False,False
2025-06-20,1750377600,1439.3,1443.79,1423.77,1435.19,False,False,False,False
2025-06-23,1750636800,1435.19,1448.54,1418.81,1448.32,False,False,False,False
2025-06-24,1750723200,1448.32,1469.01,1448.32,1462.8,False,False,False,False
2025-06-25,1750809600,1462.8,1470.76,1460.42,1465.36,False,False,False,False
2025-06-26,1750896000,1465.36,1475.07,1458.98,1463.57,False,False,False,False
2025-06-27,1750982400,1463.57,1477.89,1459.93,1475.89,False,False,False,False
2025-06-30,1751241600,1475.89,1481.58,1472.16,1477.56,False,False,False,False
2025-07-01,1751328000,1477.56,1483.86,1466.97,1476.16,False,False,False,False
2025-07-02,1751414400,1476.16,1483.02,1468.49,1482.76,False,False,False,False
2025-07-03,1751500800,1482.76,1493.99,1477.37,1481.2,False,False,False,False
2025-07-04,1751587200,1481.2,1489.54,1477.29,1488.77,False,False,False,False
2025-07-07,1751846400,1488.77,1509.81,1488.77,1508.66,False,False,False,False
2025-07-08,1751932800,1508.66,1529.72,1508.66,1529.27,False,False,False,False
2025-07-09,1752019200,1529.27,1544.67,1526.77,1543.27,False,False,False,False
2025-07-10,1752105600,1543.27,1569.4,1543.27,1569.34,False,False,False,False
2025-07-11,1752192000,1569.34,1601.03,1567.3,1594.01,False,False,False,False
2025-07-14,1752451200,1594.01,1616.99,1580.8,1605.66,False,False,False,False
2025-07-15,1752537600,1605.66,1614.13,1593.45,1593.84,False,False,False,False
2025-07-16,1752624000,1593.84,1614.63,1587.92,1614.42,False,False,False,False
2025-07-17,1752710400,1614.42,1641.97,1614.42,1634.7,False,False,False,False
2025-07-18,1752796800,1634.7,1648.18,1625.83,1643.91,False,False,False,False
2025-07-21,1753056000,1643.91,1663.16,1621.19,1628.06,False,False,False,False
2025-07-22,1753142400,1628.06,1655.98,1616.16,1655.98,False,False,False,False
2025-07-23,1753228800,1655.98,1669.14,1650.04,1653.01,False,False,False,False
2025-07-24,1753315200,1653.01,1663.39,1637.98,1661.23,False,False,False,False
2025-07-25,1753401600,1661.23,1675.26,1655.36,1669.33,False,False,False,False
2025-07-28,1753660800,1669.33,1697.14,1664.85,1695.63,False,False,False,False
2025-07-29,1753747200,1695.63,1702.3,1616.64,1621.29,False,False,False,False
2025-07-30,1753833600,1621.29,1642.67,1606.54,1630.78,False,False,False,False
2025-07-31,1753920000,1630.78,1646.75,1602.17,1615.23,False,False,False,False
2025-08-01,1754006400,1615.23,1621.64,1584.98,1614.11,False,False,False,False
2025-08-04,1754265600,1614.11,1653.22,1607.13,1653.22,False,False,False,False
2025-08-05,1754352000,1653.22,1730.14,1653.22,1690.43,False,False,False,False
2025-08-06,1754438400,1690.43,1726.58,1690.43,1723.31,False,False,False,False
2025-08-07,1754524800,1723.31,1742.12,1715.54,1734.85,False,False,False,False
2025-08-08,1754611200,1734.85,1745.88,1707.9,1729.08,False,False,False,False
2025-08-11,1754870400,1729.08,1748.67,1726.91,1741.9,False,False,False,False
2025-08-12,1754956800,1752.13,1756.72,1737.42,1755.25,False,False,False,False
2025-08-13,1755043200,1762.6,1768.78,1726.89,1753.71,False,False,False,False
2025-08-14,1755129600,1767.07,1793.84,1753.71,1793.78,False,False,False,False
2025-08-15,1755216000,1813.43,1827.89,1763.88,1783.25,False,False,False,False
2025-08-18,1755475200,1791.84,1797.37,1774.47,1786.37,False,False,False,False
2025-08-19,1755561600,1796.41,1824.81,1786.37,1810.46,False,False,False,False
2025-08-20,1755648000,1817.71,1833.84,1768.9,1828.46,False,False,False,False
2025-08-21,1755734400,1840.02,1881.9,1828.46,1874.91,False,False,False,False
2025-08-22,1755820800,1865.15,1882.23,1794.97,1814.02,False,False,False,False
2025-08-25,1756080000,1829.6,1835.85,1774.84,1783.12,False,False,False,False
2025-08-26,1756166400,1783.0,1850.0,1769.54,1849.05,False,False,False,False
2025-08-27,1756252800,1861.66,1877.27,1841.13,1848.55,False,False,False,False
2025-08-28,1756339200,1854.31,1866.18,1831.79,1861.2,False,False,False,False
2025-08-29,1756425600,1872.38,1890.36,1855.28,1865.38,False,False,False,False
2025-09-03,1756857600,1861.24,1876.63,1846.08,1859.59,False,False,False,False
2025-09-04,1756944000,1866.18,1883.96,1850.15,1883.59,False,False,False,False
2025-09-05,1757030400,1894.71,1901.66,1838.57,1845.48,False,False,False,False
2025-09-08,1757289600,1837.08,1849.12,1804.6,1807.22,False,False,False,False
2025-09-09,1757376000,1814.42,1825.17,1795.82,1825.17,False,False,False,False
2025-09-10,1757462400,1833.07,1845.53,1811.28,1828.63,False,False,False,False
2025-09-11,1757548800,1821.9,1860.19,1785.47,1855.08,False,False,False,False
2025-09-12,1757635200,1857.99,1880.79,1843.87,1865.45,False,False,False,False
2025-09-15,1757894400,1868.86,1876.75,1857.47,1876.75,False,False,False,False
2025-09-16,1757980800,1886.97,1893.36,1864.51,1875.39,False,False,False,False
2025-09-17,1758067200,1873.11,1884.67,1859.36,1868.85,False,False,False,False
2025-09-18,1758153600,1873.88,1879.52,1833.16,1861.74,False,False,False,False
2025-09-19,1758240000,1867.51,1874.4,1838.21,1859.53,False,False,False,False
2025-09-22,1758499200,1853.66,1867.5,1801.57,1819.6,False,False,False,False
2025-09-23,1758585600,1819.82,1835.37,1806.46,1821.45,False,False,False,False
2025-09-24,1758672000,1822.51,1853.55,1801.03,1853.48,False,False,False,False
2025-09-25,1758758400,1856.33,1868.11,1842.7,1858.67,False,False,False,False
2025-09-26,1758844800,1858.87,1865.67,1841.4,1852.65,False,False,False,False
2025-09-29,1759104000,1850.48,1870.38,1837.71,1862.23,False,False,False,False
2025-09-30,1759190400,1864.14,1880.9,1841.4,1863.13,False,False,False,False
2025-10-01,1759276800,1866.18,1878.45,1858.5,1870.63,False,False,False,False
2025-10-02,1759363200,1872.83,1891.2,1851.47,1859.8,False,False,False,False
2025-10-03,1759449600,1859.6,1869.93,1848.03,1859.51,False,False,False,False
2025-10-06,1759708800,1898.22,1918.97,1858.23,1918.97,False,False,False,False
2025-10-07,1759795200,1929.77,1941.27,1896.9,1909.65,False,False,False,False
2025-10-08,1759881600,1923.5,1970.59,1906.09,1922.95,False,False,False,False
2025-10-09,1759968000,1927.31,1946.78,1920.87,1940.89,False,False,False,False
2025-10-10,1760054400,1947.23,1980.57,1940.89,1980.57,False,False,False,False
2025-10-13,1760313600,1968.9,2013.81,1933.94,2012.28,False,False,False,False
2025-10-14,1760400000,2036.9,2055.85,2001.38,2013.69,False,False,False,False
2025-10-15,1760486400,2018.01,2037.76,1996.97,2009.64,False,False,False,False
2025-10-16,1760572800,2015.35,2025.76,2004.24,2022.27,False,False,False,False
2025-10-17,1760659200,2029.75,2043.09,1969.29,1977.14,False,False,False,False
2025-10-20,1760918400,1968.92,1977.14,1868.69,1870.86,False,False,False,False
2025-10-21,1761004800,1882.66,1933.22,1839.08,1915.9,False,False,False,False
2025-10-22,1761091200,1933.81,1955.93,1870.27,1930.88,False,False,False,False
2025-10-23,1761177600,1935.98,1962.13,1918.7,1945.78,False,False,False,False
2025-10-24,1761264000,1943.02,1954.65,1913.93,1944.6,False,False,False,False
2025-10-27,1761523200,1962.09,1962.31,1900.35,1900.76,False,False,False,False
2025-10-28,1761609600,1896.4,1949.51,1871.72,1949.28,False,False,False,False
2025-10-29,1761696000,1951.51,1972.04,1940.0,1949.76,False,False,False,False
2025-10-30,1761782400,1952.33,1956.25,1914.28,1925.18,False,False,False,False
2025-10-31,1761868800,1923.62,1932.28,1863.53,1885.36,False,False,False,False
2025-11-03,1762128000,1888.96,1903.21,1854.09,1857.64,False,False,False,False
2025-11-04,1762214400,1860.56,1908.55,1843.43,1897.71,False,False,False,False
2025-11-05,1762300800,1888.34,1908.02,1876.57,1886.47,False,False,False,False
2025-11-06,1762387200,1886.48,1890.96,1866.91,1869.6,False,False,False,False
2025-11-07,1762473600,1862.19,1874.16,1817.93,1824.71,False,False,False,False
2025-11-10,1762732800,1826.61,1844.44,1804.11,1804.18,False,False,False,False
2025-11-11,1762819200,1811.58,1832.01,1803.64,1821.6,False,False,False,False
2025-11-12,1762905600,1828.51,1872.31,1821.6,1872.27,False,False,False,False
2025-11-13,1762992000,1872.37,1878.2,1853.56,1864.23,False,False,False,False
2025-11-14,1763078400,1858.62,1875.71,1852.53,1871.54,False,False,False,False
2025-11-17,1763337600,1878.95,1894.54,1868.11,1893.54,False,False,False,False
2025-11-18,1763424000,1895.84,1899.15,1875.9,1898.07,False,False,False,False
2025-11-19,1763510400,1896.57,1901.05,1880.18,1886.2,False,False,False,False
2025-11-20,1763596800,1890.98,1904.44,1883.22,1897.46,False,False,False,False
2025-11-21,1763683200,1886.92,1902.41,1873.35,1899.89,False,False,False,False
2025-11-24,1763942400,1901.96,1925.79,1899.89,1916.36,False,False,False,False
2025-11-25,1764028800,1917.66,1932.62,1902.12,1909.6,False,False,False,False
2025-11-26,1764115200,1916.65,1927.38,1908.56,1923.55,False,False,False,False
2025-11-27,1764201600,1928.39,1935.02,1917.1,1921.18,False,False,False,False
2025-11-28,1764288000,1920.09,1931.28,1911.64,1923.92,False,False,False,False
2025-12-01,1764547200,1931.61,1945.5,1923.92,1933.56,False,False,False,False
2025-12-02,1764633600,1934.08,1953.08,1920.23,1950.12,False,False,False,False
2025-12-03,1764720000,1958.96,1983.06,1940.62,1971.99,False,False,False,False
2025-12-04,1764806400,1977.15,1986.17,1965.46,1979.53,False,False,False,False
2025-12-05,1764892800,1998.28,1998.28,1967.5,1975.5,False,False,False,False
2025-12-08,1765152000,1990.72,1995.22,1976.95,1983.82,False,False,False,False
2025-12-09,1765238400,2001.61,2001.61,1951.79,1973.02,False,False,False,False
2025-12-10,1765324800,1975.63,1975.63,1939.95,1946.98,False,False,False,False
2025-12-11,1765411200,1941.05,1949.77,1918.49,1924.29,False,False,False,False
2025-12-12,1765497600,1928.51,1928.63,1852.87,1867.03,False,False,False,False
2025-12-15,1765756800,1868.6,1889.48,1856.31,1869.84,False,False,False,False
2025-12-16,1765843200,1871.37,1920.11,1850.51,1909.87,False,False,False,False
2025-12-17,1765929600,1908.58,1915.85,1864.74,1897.95,False,False,False,False
2025-12-18,1766016000,1897.84,1903.47,1885.01,1903.47,False,False,False,False
2025-12-19,1766102400,1903.16,1937.41,1901.72,1933.28,False,False,False,False
2025-12-22,1766361600,1946.0,1985.28,1939.91,1985.28,False,False,False,False
2025-12-23,1766448000,2001.45,2021.36,2000.87,2012.87,False,False,False,False
2025-12-24,1766534400,2024.27,2025.57,1994.66,2023.13,False,False,False,False
2025-12-25,1766620800,2020.09,2049.15,1976.21,1976.21,False,False,False,False
2025-12-26,1766707200,1941.78,1969.07,1914.65,1965.97,False,False,False,False
2025-12-29,1766966400,1970.12,1992.03,1966.56,1990.66,False,False,False,False
2025-12-30,1767052800,1994.72,2009.89,1975.19,2009.7,False,False,False,False
2025-12-31,1767139200,2001.68,2031.61,2001.68,2030.63,False,False,False,False
2026-01-05,1767571200,2029.88,2039.46,2007.67,2028.68,False,False,False,False
2026-01-06,1767657600,2033.44,2058.9,2022.6,2055.96,False,False,False,False
2026-01-07,1767744000,2068.38,2096.76,2054.45,2096.76,False,False,False,False
2026-01-08,1767830400,2111.47,2121.13,2066.72,2074.03,False,False,False,False
2026-01-09,1767916800,2077.25,2090.5,2047.91,2066.21,False,False,False,False
2026-01-12,1768176000,2069.16,2082.02,2057.83,2080.24,False,False,False,False
2026-01-13,1768262400,2075.98,2100.62,2056.22,2089.21,False,False,False,False
2026-01-14,1768348800,2097.14,2097.53,2045.61,2067.1,False,False,False,False
2026-01-15,1768435200,2060.9,2063.22,2021.64,2047.48,False,False,False,False
2026-01-16,1768521600,2058.64,2098.66,2058.4,2080.35,False,False,False,False
2026-01-19,1768780800,2104.31,2104.31,2077.61,2094.24,False,False,False,False
2026-01-20,1768867200,2098.97,2112.71,2074.76,2085.61,False,False,False,False
2026-01-21,1768953600,2069.82,2090.97,2060.49,2080.38,False,False,False,False
2026-01-22,1769040000,2086.17,2099.52,2071.7,2082.35,False,False,False,False
2026-01-23,1769126400,2092.66,2101.22,2070.8,2077.76,False,False,False,False
2026-01-26,1769385600,2079.79,2080.31,2024.23,2032.28,False,False,False,False
2026-01-27,1769472000,2034.0,2036.82,2010.57,2019.88,False,False,False,False
2026-01-28,1769558400,2021.05,2031.76,1987.47,1997.13,False,False,False,False
2026-01-29,1769644800,2003.07,2018.98,2001.01,2018.98,False,False,False,False
2026-01-30,1769731200,2025.38,2033.32,1996.29,2029.81,False,False,False,False
2026-02-02,1769990400,2021.25,2024.94,1971.28,2004.31,False,False,False,False
2026-02-03,1770076800,2008.24,2018.35,1991.13,1997.69,False,False,False,False
2026-02-04,1770163200,1998.45,1998.97,1974.34,1988.19,False,False,False,False
2026-02-05,1770249600,1987.08,1992.2,1969.27,1969.27,False,False,False,False
2026-02-06,1770336000,1956.66,1969.19,1937.66,1943.6,False,False,False,False
2026-02-09,1770595200,1959.24,1961.86,1944.19,1947.75,False,False,False,False
2026-02-10,1770681600,1951.51,1970.1,1935.9,1951.58,False,False,False,False
2026-02-11,1770768000,1965.67,2005.42,1962.73,2000.9,False,False,False,False
2026-02-12,1770854400,2012.76,2018.94,2008.04,2016.47,False,False,False,False
2026-02-13,1770940800,2016.82,2022.65,1997.23,2018.64,False,False,False,False
2026-02-23,1771804800,2026.61,2044.96,2024.19,2039.8,False,False,False,False
2026-02-24,1771891200,2037.89,2050.85,2026.87,2050.85,False,False,False,False
2026-02-25,1771977600,2050.31,2066.8,2044.83,2049.64,False,False,False,False
2026-02-26,1772064000,2052.53,2073.31,2050.63,2069.82,False,False,False,False
2026-02-27,1772150400,2071.76,2077.35,2047.5,2061.75,False,False,False,False
2026-03-02,1772409600,2058.79,2058.79,2009.13,2010.75,False,False,False,False
2026-03-03,1772496000,2019.38,2019.6,1953.39,1959.35,False,False,False,False
2026-03-04,1772582400,1948.24,1971.38,1902.57,1956.53,False,False,False,False
2026-03-05,1772668800,1977.28,1984.08,1937.53,1942.76,False,False,False,False
2026-03-06,1772755200,1934.7,1935.1,1901.45,1904.19,False,False,False,False
2026-03-09,1773014400,1898.91,1898.91,1773.41,1780.71,False,False,False,False
2026-03-10,1773100800,1803.35,1859.21,1802.65,1836.96,False,False,False,False
2026-03-11,1773187200,1840.08,1894.44,1838.38,1889.94,False,False,False,False
2026-03-12,1773273600,1864.26,1879.64,1851.2,1859.8,False,False,False,False
2026-03-13,1773360000,1847.51,1874.42,1839.49,1853.6,False,False,False,False
2026-03-16,1773619200,1854.8,1863.8,1841.7,1852.99,False,False,False,False
2026-03-17,1773705600,1869.15,1901.94,1868.63,1873.65,False,False,False,False
2026-03-18,1773792000,1881.21,1901.76,1851.19,1868.84,False,False,False,False
2026-03-19,1773878400,1851.7,1864.35,1832.83,1854.19,False,False,False,False
2026-03-20,1773964800,1850.01,1850.01,1776.46,1797.99,False,False,False,False
2026-03-23,1774224000,1778.11,1782.95,1737.11,1741.05,False,False,False,False
2026-03-24,1774310400,1779.34,1784.83,1759.43,1770.16,False,False,False,False
2026-03-25,1774396800,1790.95,1815.19,1787.85,1814.73,False,False,False,False
2026-03-26,1774483200,1813.98,1815.49,1784.38,1791.25,False,False,False,False
2026-03-27,1774569600,1791.67,1825.6,1787.02,1821.53,False,False,False,False
2026-03-30,1774828800,1792.4,1824.82,1778.32,1811.92,False,False,False,False
2026-03-31,1774915200,1819.84,1834.79,1818.07,1829.59,False,False,False,False
2026-04-01,1775001600,1868.92,1872.8,1858.43,1861.84,False,False,False,False
2026-04-02,1775088000,1864.83,1864.83,1838.81,1852.99,False,False,False,False
2026-04-03,1775174400,1856.74,1868.91,1830.6,1837.43,False,False,False,False
2026-04-06,1775433600,1833.61,1850.09,1828.18,1836.25,False,False,False,False
2026-04-07,1775520000,1840.92,1852.58,1829.44,1840.96,False,False,False,False
2026-04-08,1775606400,1875.69,1931.56,1875.69,1931.01,False,False,False,False
2026-04-09,1775692800,1924.48,1933.8,1910.36,1915.01,False,False,False,False
2026-04-10,1775779200,1931.83,1946.6,1921.38,1928.23,False,False,False,False
2026-04-13,1776038400,1910.44,1933.96,1906.14,1925.66,False,False,False,False
2026-04-14,1776124800,1946.0,1955.16,1938.06,1946.55,False,False,False,False
2026-04-15,1776211200,1960.17,1964.34,1954.64,1961.6,False,False,False,False
2026-04-16,1776297600,1966.13,1982.79,1958.76,1979.19,False,False,False,False
2026-04-17,1776384000,1992.29,2008.98,1984.13,1988.11,False,False,False,False
2026-04-20,1776643200,1992.8,2009.95,1980.83,2009.04,False,False,False,False
2026-04-21,1776729600,2028.6,2042.12,2005.77,2007.08,False,False,False,False
2026-04-22,1776816000,2009.76,2029.47,1990.45,2025.41,False,False,False,False
2026-04-23,1776902400,2034.37,2047.68,2014.71,2024.74,False,False,False,False
2026-04-24,1776988800,2027.72,2035.48,2001.22,2011.42,False,False,False,False
2026-04-28,1777334400,2009.19,2045.19,2008.7,2041.4,False,False,False,False
2026-04-29,1777420800,2039.26,2042.72,2007.85,2022.75,False,False,False,False
2026-05-04,1777852800,2032.06,2039.83,2005.75,2014.62,False,False,False,False
2026-05-05,1777939200,2012.86,2033.63,2005.7,2032.3,False,False,False,False
2026-05-06,1778025600,2040.17,2057.82,2031.75,2053.41,False,False,False,False
2026-05-07,1778112000,2061.77,2092.06,2060.85,2079.1,False,False,False,False
2026-05-08,1778198400,2079.07,2082.8,2063.83,2074.06,False,False,False,False
2026-05-11,1778457600,2072.57,2075.71,2035.7,2040.51,False,False,False,False
2026-05-12,1778544000,2037.94,2054.34,2027.34,2053.97,False,False,False,False
2026-05-13,1778630400,2066.09,2066.09,2025.88,2043.51,False,False,False,False
2026-05-14,1778716800,2040.43,2069.4,2034.83,2068.62,False,False,False,False
2026-05-15,1778803200,2070.83,2071.44,2041.93,2050.58,False,False,False,False
2026-05-18,1779062400,2045.71,2052.99,2033.48,2046.37,False,False,False,False
2026-05-19,1779148800,2048.54,2049.02,2021.02,2027.45,False,False,False,False
2026-05-20,1779235200,2024.02,2038.02,1976.41,2028.94,False,False,False,False
2026-05-21,1779321600,2038.04,2040.69,2017.22,2027.51,False,False,False,False
2026-05-22,1779408000,2030.24,2030.24,1998.61,2010.93,False,False,False,False
2026-05-25,1779667200,2013.96,2030.25,2013.96,2021.72,False,False,False,False
2026-05-26,1779753600,2025.56,2031.05,2017.06,2027.9,False,False,False,False
2026-05-27,1779840000,2033.88,2033.95,2015.42,2022.46,False,False,False,False
2026-05-28,1779926400,2017.7,2028.16,1998.12,1999.82,False,False,False,False
2026-05-29,1780012800,2000.62,2013.13,1988.32,1997.06,False,False,False,False
2026-06-01,1780272000,2001.23,2007.43,1982.86,1989.71,False,False,False,False
2026-06-02,1780358400,1990.55,2001.07,1961.15,1972.99,False,False,False,False
2026-06-03,1780444800,1971.77,1991.08,1961.88,1974.6,False,False,False,False
2026-06-04,1780531200,1977.21,1982.33,1965.93,1982.29,False,False,False,False
2026-06-05,1780617600,1984.36,1990.8,1976.25,1986.28,False,False,False,False
2026-06-08,1780876800,1966.37,1969.37,1930.47,1936.81,False,False,False,False
2026-06-09,1780963200,1945.21,1957.45,1933.38,1951.92,False,False,False,False
2026-06-10,1781049600,1951.94,1964.17,1947.88,1960.97,False,False,False,False
2026-06-11,1781136000,1951.86,1955.49,1944.3,1947.28,False,False,False,False
2026-06-12,1781222400,1964.5,1969.19,1938.13,1944.36,False,False,False,False
2026-06-15,1781481600,1959.77,1967.82,1944.76,1962.48,False,False,False,False
2026-06-16,1781568000,1969.48,1970.66,1958.09,1960.19,False,False,False,False
2026-06-17,1781654400,1952.7,1962.96,1944.48,1957.17,False,False,False,False
2026-06-18,1781740800,1968.67,1975.06,1958.1,1967.22,False,False,False,False
2026-06-19,1781827200,1973.88,1974.86,1943.53,1963.57,False,False,False,False
2026-06-22,1782086400,1970.53,1986.91,1964.78,1980.13,False,False,False,False
2026-06-23,1782172800,1992.81,2018.15,1986.3,1995.12,False,False,False,False
2026-06-24,1782259200,2005.59,2018.46,1994.64,2010.15,False,False,False,False
2026-06-25,1782345600,2013.14,2015.06,1996.98,2004.62,False,False,False,False
2026-06-26,1782432000,1999.69,2010.45,1989.59,2008.57,False,False,False,False
2026-06-29,1782691200,2006.25,2009.73,1996.16,2004.29,False,False,False,False
2026-06-30,1782777600,2003.46,2007.22,1989.36,1995.71,False,False,False,False
2026-07-01,1782864000,1996.71,2016.64,1996.71,2013.35,False,False,False,False
2026-07-02,1782950400,2017.34,2024.3,2004.9,2009.04,False,False,False,False
2026-07-03,1783036800,2010.56,2010.65,1997.0,2002.56,False,False,False,False
2026-07-06,1783296000,2010.87,2013.25,1974.63,1991.11,False,False,False,False
2026-07-07,1783382400,1991.27,1996.89,1978.0,1995.91,False,False,False,False
2026-07-08,1783468800,1994.02,2002.01,1984.84,1998.44,False,False,False,False
2026-07-09,1783555200,1988.26,1995.0,1983.11,1987.11,False,False,False,False
2026-07-10,1783641600,1986.12,1992.27,1966.33,1970.82,False,False,False,False
2026-07-13,1783900800,1968.57,1968.57,1923.41,1939.84,False,False,False,False
2026-07-14,1783987200,1931.31,1946.97,1913.48,1946.06,False,False,False,False
2026-07-15,1784073600,1947.1,1947.1,1910.62,1916.05,False,False,False,False
2026-07-16,1784160000,1907.34,1942.81,1897.1,1941.65,False,False,False,False
2026-07-17,1784246400,1941.65,1942.43,1925.05,1931.65,False,False,False,False
2026-07-20,1784505600,1926.29,1927.61,1871.55,1887.32,False,False,False,False
2026-07-21,1784592000,1878.71,1901.03,1876.23,1881.32,False,False,False,False
2026-07-22,1784678400,1885.26,1894.03,1817.75,1826.9,False,False,False,False
2026-07-23,1784764800,1827.4,1854.5,1806.34,1845.32,False,False,False,False
2026-07-24,1784851200,1829.7,1836.99,1818.52,1829.36,False,False,False,False
2026-07-27,1785110400,1841.12,1853.37,1794.95,1806.5,False,False,False,False
2026-07-28,1785196800,1794.45,1827.97,1792.15,1824.35,False,False,False,False
2026-07-29,1785283200,1822.94,1850.93,1814.19,1849.12,False,False,False,False
2026-07-30,1785369600,1848.98,1893.25,1842.8,1886.27,False,False,False,False
2026-07-31,1785456000,1900.86,1900.86,1835.15,1872.07,False,False,False,False
2026-08-03,1785715200,1880.76,1920.01,1878.33,1917.69,False,False,False,False
2026-08-04,1785801600,1919.84,1927.35,1910.97,1927.35,False,False,False,False
2026-08-05,1785888000,1936.59,1941.4,1909.74,1916.88,False,False,False,False
2026-08-06,1785974400,1923.49,1923.49,1899.35,1902.79,False,False,False,False
2026-08-07,1786060800,1901.64,1916.14,1894.06,1911.09,False,False,False,False
2026-08-10,1786320000,1916.34,1933.73,1899.64,1925.18,False,False,False,False
2026-08-11,1786406400,1928.29,1938.94,1916.63,1922.53,False,False,False,False
2026-08-12,1786492800,1924.31,1944.59,1919.58,1936.46,False,False,False,False
2026-08-13,1786579200,1939.41,1944.4,1905.74,1909.23,False,False,False,False
2026-08-14,1786665600,1907.07,1908.9,1867.41,1876.81,False,False,False,False
2026-08-17,1786924800,1875.43,1885.29,1868.97,1877.68,False,False,False,False
2026-08-18,1787011200,1879.51,1894.83,1866.45,1876.14,False,False,False,False
2026-08-19,1787097600,1876.72,1878.75,1864.16,1875.73,False,False,False,False
2026-08-20,1787184000,1883.05,1896.2,1881.72,1887.06,False,False,False,False
2026-08-21,1787270400,1885.84,1928.23,1877.05,1927.79,False,False,False,False
2026-08-24,1787529600,1947.91,1952.13,1933.63,1942.0,False,False,False,False
2026-08-25,1787616000,1944.09,1958.81,1932.33,1936.15,False,False,False,False
2026-08-26,1787702400,1935.55,1970.45,1934.62,1970.01,False,False,False,False
2026-08-27,1787788800,1969.75,1984.09,1967.92,1979.23,False,False,False,False
2026-08-28,1787875200,1981.0,1992.15,1971.18,1982.96,False,False,False,False
2026-09-03,1788393600,1971.4,1972.71,1949.93,1961.57,False,False,False,False
2026-09-04,1788480000,1964.43,1989.54,1964.3,1984.89,False,False,False,False
2026-09-07,1788739200,1988.56,2000.42,1955.26,1963.01,False,False,False,False
2026-09-08,1788825600,1961.28,1970.4,1956.95,1968.52,False,False,False,False
2026-09-09,1788912000,1973.14,1984.72,1957.71,1967.64,False,False,False,False
2026-09-10,1788998400,1964.97,1982.68,1958.78,1976.82,False,False,False,False
2026-09-11,1789084800,1967.8,1967.84,1933.82,1936.69,False,False,False,False
2026-09-14,1789344000,1936.19,1942.79,1916.84,1928.57,False,False,False,False
2026-09-15,1789430400,1936.12,1951.58,1928.61,1951.14,False,False,False,False
2026-09-16,1789516800,1952.23,1968.43,1941.82,1954.29,False,False,False,False
2026-09-17,1789603200,1945.19,1983.55,1942.89,1975.01,False,False,False,False
2026-09-18,1789689600,1986.03,1999.47,1948.35,1964.17,False,False,False,False
2026-09-21,1789948800,1978.22,1978.22,1932.61,1953.26,False,False,False,False
2026-09-22,1790035200,1951.73,1983.69,1942.9,1965.36,False,False,False,False
2026-09-23,1790121600,1965.94,1974.17,1951.95,1954.91,False,False,False,False
2026-09-24,1790208000,1955.45,1955.45,1928.83,1932.15,False,False,False,False
2026-09-25,1790294400,1931.42,1951.57,1928.0,1938.5,False,False,False,False
2026-09-28,1790553600,1941.82,1942.19,1911.74,1922.42,False,False,False,False
2026-09-29,1790640000,1922.46,1925.99,1902.42,1914.35,False,False,False,False
2026-09-30,1790726400,1922.05,1927.51,1895.38,1906.81,False,False,False,False
2026-10-01,1790812800,1905.83,1909.75,1881.34,1890.57,False,False,False,False
2026-10-02,1790899200,1890.92,1896.02,1865.78,1875.99,False,False,False,False
